Date;Time;Lat;Lon;Surf speed (kts);Speed over gnd (kts);Surf heading (degrees);Heading over ground (degrees);Loch (nm);Depth (m);AWS (kts);AWD (degrees);TWS (kts);TWD (degrees);Temp. air (�C);Pression (hPa);Humidity (%);Sun power (W/m2);Water temp (�C);Salinity (psu);O2 conc  (10^-6 mol/L)
yyyy-mm-dd;hh:mm:ss;xxx�xx.xxx';xxx�xx.xxx';xx.xx;xx.xx;xxx.x;xxx.x;xxxx.xx;xxxx.x;xx.xx;xx.xx;xx.xx;xx.xx;xx.x;xxxx.x;xx.x;xxxx.xx;xx.x;xx.xx;xxx.xx
01/04/2020 08:00;40.76488940069;;5.12;19.31;160.27;1.00;0.00;5.00;15.00;300.00;15.00;300.00;20.00;1015.00;60.00;1000.00;8.00;35.00;200.00
01/04/2020 08:01;40.587417726215;-73.812381724324;5.55;15.76;201.45;2.00;1.45;5.09;6.00;321.00;10.00;347.00;15.33;1016.18;49.52;987.58;11.09;32.14;191.34
01/04/2020 08:02;40.760068406716;-73.969764951722;9.19;16.23;211.21;3.00;3.98;9.81;14.00;288.00;15.00;298.00;16.56;1006.92;61.44;983.74;8.30;39.03;190.93
01/04/2020 08:03;40.723924066506;-73.950277867763;11.21;19.35;221.22;4.00;3.27;6.51;7.00;324.00;20.00;254.00;15.46;1016.25;57.54;1005.97;8.72;39.09;192.17
01/04/2020 08:04;40.685277760869;-73.939053529598;12.40;19.69;143.36;5.00;15.95;5.37;7.00;265.00;13.00;350.00;15.06;1011.74;60.53;934.72;9.83;33.24;186.64
01/04/2020 08:05;40.754939423312;-73.992174723398;14.47;19.67;197.60;6.00;84.50;9.17;16.00;291.00;15.00;344.00;15.90;1011.28;70.77;929.11;8.24;38.24;212.79
01/04/2020 08:06;40.841537488132;-73.88590088627;8.46;19.96;140.97;7.00;153.05;7.39;6.00;253.00;8.00;284.00;16.11;1016.34;74.98;1005.25;9.64;39.60;187.77
01/04/2020 08:07;40.708112968378;-73.782175499641;11.05;17.47;163.00;8.00;165.73;8.82;7.00;340.00;18.00;298.00;15.82;1015.62;51.52;956.40;10.99;39.60;203.62
01/04/2020 08:08;40.713348685054;-73.830105132394;11.59;24.95;192.45;9.00;165.02;7.11;18.00;256.00;7.00;319.00;16.84;1012.32;67.74;931.99;10.88;30.75;180.82
01/04/2020 08:09;40.645527537652;-73.902773857257;13.59;22.16;149.42;10.00;167.55;6.96;7.00;311.00;9.00;276.00;15.18;1016.27;60.91;963.87;10.64;32.21;199.66
01/04/2020 08:10;0;0;5.54;16.33;193.91;11.00;169.00;6.57;6.00;325.00;16.00;284.00;16.12;1018.74;65.69;1083.52;11.28;37.55;191.49
01/04/2020 08:11;40.605728260524;-74.000147655221;7.37;19.37;168.06;12.00;218.38;7.87;11.00;301.00;15.00;315.00;15.05;1009.75;53.26;1030.21;8.35;32.02;215.29
01/04/2020 08:12;0;0;14.09;20.09;209.54;13.00;240.70;6.03;13.00;260.00;6.00;290.00;16.63;1019.56;55.23;1003.33;10.69;35.05;216.23
01/04/2020 08:13;40.716103127468;-73.961733403225;6.64;16.50;229.48;14.00;263.01;6.61;17.00;334.00;20.00;293.00;16.19;1017.18;78.67;1063.71;11.58;35.66;189.67
01/04/2020 08:14;40.689535519193;-73.843983839601;14.48;18.45;195.82;15.00;285.33;9.81;14.00;266.00;15.00;345.00;15.53;1008.20;47.20;910.60;11.22;31.50;219.87
01/04/2020 08:15;40.588890283047;-74.101913944944;8.97;16.52;167.95;16.00;307.64;9.32;9.00;262.00;9.00;285.00;16.15;1014.80;66.03;1093.74;8.22;32.42;187.48
01/04/2020 08:16;40.833860033534;-73.945009670295;8.64;20.12;138.14;17.00;329.95;6.96;8.00;285.00;17.00;323.00;16.57;1019.54;44.07;986.55;10.86;30.26;217.00
01/04/2020 08:17;40.827375338625;-73.886619036102;12.76;22.71;195.06;18.00;352.27;9.83;9.00;254.00;10.00;277.00;16.64;1014.66;48.67;941.88;11.63;34.78;202.24
01/04/2020 08:18;40.727041919505;-74.000129885411;8.91;19.43;137.45;19.00;374.58;8.87;5.00;346.00;15.00;300.00;15.40;1006.12;78.25;1078.60;10.22;32.58;204.86
01/04/2020 08:19;40.890871942287;-73.898319355505;6.55;23.03;203.26;20.00;396.90;5.18;18.00;329.00;18.00;299.00;15.25;1019.61;42.90;966.01;8.13;31.94;211.34
01/04/2020 08:20;40.645618760479;-73.958065972893;9.45;17.60;208.12;21.00;419.21;7.17;12.00;277.00;20.00;295.00;16.02;1015.68;66.18;926.63;10.09;32.15;194.57
01/04/2020 08:21;40.605048366708;-73.978968349141;10.43;16.16;214.33;22.00;441.52;8.11;6.00;350.00;5.00;331.00;15.34;1010.75;63.87;941.85;8.22;34.96;216.56
01/04/2020 08:22;40.74140322892;-73.978347747133;5.66;17.43;165.41;23.00;463.84;6.09;9.00;349.00;19.00;279.00;15.89;1005.08;77.40;999.85;10.36;34.40;203.39
01/04/2020 08:23;40.677620499282;-73.959073267697;5.43;21.55;139.68;24.00;486.15;7.11;5.00;287.00;13.00;332.00;16.84;1007.99;74.44;1005.54;11.70;33.97;201.11
01/04/2020 08:24;40.705092752725;-73.809376660455;5.43;18.07;189.74;25.00;508.47;8.95;14.00;293.00;9.00;280.00;15.74;1010.71;57.73;938.67;11.44;39.41;218.06
01/04/2020 08:25;40.587207614012;-73.952630268544;14.73;17.25;161.75;26.00;530.78;6.25;16.00;296.00;14.00;262.00;15.96;1015.68;66.97;995.64;8.78;32.93;197.61
01/04/2020 08:26;40.820131684586;-73.953103328581;13.50;15.50;169.95;27.00;553.09;8.85;7.00;342.00;10.00;268.00;16.39;1006.51;62.01;968.43;10.84;35.38;190.85
01/04/2020 08:27;40.861340915596;-73.891745167613;10.30;22.60;162.05;28.00;575.41;7.08;5.00;251.00;12.00;350.00;15.85;1005.64;53.59;1061.91;10.20;33.84;204.01
01/04/2020 08:28;40.69490055015;-73.994756611255;9.08;18.36;201.47;29.00;597.72;5.19;5.00;293.00;13.00;297.00;16.97;1005.07;42.72;1081.35;9.11;35.49;195.32
01/04/2020 08:29;40.774213363112;-73.913026804533;6.95;17.68;197.97;30.00;620.04;5.23;16.00;269.00;8.00;342.00;16.13;1016.62;60.37;910.19;11.67;32.80;216.63
01/04/2020 08:30;40.662541164963;-73.898149713037;12.08;19.24;222.87;31.00;642.35;7.51;7.00;338.00;16.00;317.00;15.75;1017.61;50.93;940.67;10.35;39.89;205.81
01/04/2020 08:31;40.804531555952;-73.955624802884;11.57;15.23;224.30;32.00;664.66;6.45;16.00;275.00;8.00;260.00;16.88;1019.97;70.11;992.00;10.98;37.21;191.85
01/04/2020 08:32;40.823556270209;-73.944992925774;11.70;15.46;160.59;33.00;686.98;7.10;10.00;288.00;9.00;288.00;16.29;1016.35;53.95;982.15;11.82;38.82;213.22
01/04/2020 08:33;40.72883699511;-74.000555635949;7.89;18.05;197.72;34.00;709.29;9.12;12.00;251.00;12.00;297.00;16.18;1016.12;46.47;980.43;9.39;39.80;181.61
01/04/2020 08:34;40.770798559134;-73.735392916356;9.72;16.52;176.31;35.00;731.61;6.29;8.00;255.00;19.00;299.00;16.46;1014.52;77.00;1037.64;10.93;38.82;203.57
01/04/2020 08:35;40.673551956215;-73.950160550133;14.59;16.49;215.58;36.00;753.92;8.45;20.00;309.00;20.00;315.00;15.66;1018.13;75.78;1035.50;11.75;36.06;217.89
01/04/2020 08:36;40.608687416306;-73.957311334559;6.86;16.82;206.67;37.00;776.23;5.87;9.00;276.00;7.00;290.00;16.71;1014.32;49.88;1042.09;10.86;32.43;206.82
01/04/2020 08:37;40.693896210527;-73.909709762359;13.10;24.27;180.27;38.00;798.55;5.86;20.00;294.00;12.00;280.00;15.99;1006.50;41.24;920.12;10.39;37.42;211.84
01/04/2020 08:38;40.754857247676;-73.995217491398;10.64;23.93;207.02;39.00;820.86;5.02;6.00;302.00;16.00;258.00;15.71;1016.63;62.43;1029.47;9.51;39.88;197.65
01/04/2020 08:39;40.778073572727;-73.980401099931;7.97;23.29;189.90;40.00;843.18;9.72;19.00;284.00;8.00;259.00;16.12;1018.63;46.59;1066.86;11.01;38.74;216.39
01/04/2020 08:40;40.76181240366;-73.99388857674;13.68;19.46;141.06;41.00;865.49;7.61;19.00;259.00;7.00;344.00;15.72;1014.22;41.94;940.54;9.34;30.39;181.22
01/04/2020 08:41;40.896735512205;-73.855515516988;5.86;24.24;194.15;42.00;887.80;6.64;18.00;281.00;12.00;272.00;15.09;1019.61;43.71;956.25;8.09;33.83;202.13
01/04/2020 08:42;40.751348383638;-73.983682582468;13.22;23.00;203.70;43.00;910.12;7.60;9.00;292.00;18.00;347.00;15.63;1017.41;67.20;970.67;11.43;35.75;194.11
01/04/2020 08:43;40.812816942241;-73.960391497006;14.44;23.48;205.16;44.00;932.43;6.83;20.00;273.00;10.00;339.00;16.81;1007.32;55.53;997.09;10.89;32.21;211.00
01/04/2020 08:44;40.721269176451;-73.989303423376;8.27;21.81;151.37;45.00;954.75;5.91;17.00;252.00;8.00;305.00;16.47;1010.46;54.53;1020.93;9.94;38.16;194.73
01/04/2020 08:45;40.763051532927;-73.959479025574;9.21;20.88;131.52;46.00;977.06;7.37;20.00;313.00;19.00;337.00;16.93;1019.67;59.91;916.54;9.45;36.32;196.66
01/04/2020 08:46;40.774239677767;-73.90805150522;5.39;17.39;190.51;47.00;999.37;5.95;6.00;254.00;13.00;277.00;16.02;1013.46;46.97;1079.84;10.50;35.54;198.74
01/04/2020 08:47;40.760765558349;-73.92281245204;7.81;16.27;144.98;48.00;1021.69;9.52;9.00;334.00;8.00;335.00;16.25;1010.97;60.77;967.75;10.95;32.17;195.90
01/04/2020 08:48;40.643329721911;-73.978188715503;11.43;17.94;167.63;49.00;1044.00;8.55;13.00;276.00;12.00;323.00;15.51;1018.27;43.98;1093.42;9.23;34.25;204.78
01/04/2020 08:49;40.722633275381;-73.988776481069;5.21;18.39;209.28;50.00;1066.32;9.82;11.00;347.00;16.00;315.00;16.46;1010.05;42.50;1060.21;8.12;38.05;185.36
01/04/2020 08:50;40.726596969383;-73.99173068425;7.01;18.85;221.48;51.00;1088.63;9.56;16.00;324.00;19.00;264.00;15.01;1013.54;59.76;1042.30;8.48;31.57;213.66
01/04/2020 08:51;40.68667931226;-73.954585756164;5.48;19.55;156.25;52.00;1110.94;6.30;7.00;329.00;6.00;273.00;15.22;1005.75;59.07;1020.44;11.94;31.56;187.74
01/04/2020 08:52;40.862788097856;-73.908340752017;7.73;24.82;227.42;53.00;1133.26;5.66;13.00;258.00;19.00;331.00;15.44;1012.07;77.68;1060.25;10.65;33.77;219.53
01/04/2020 08:53;40.757304269149;-73.92677618212;6.10;24.40;138.49;54.00;1155.57;9.18;9.00;258.00;17.00;299.00;16.54;1007.28;68.67;1081.88;9.37;31.75;209.33
01/04/2020 08:54;40.725932718545;-74.008507352284;8.25;22.06;181.46;55.00;1177.89;5.91;17.00;252.00;16.00;302.00;16.91;1008.54;72.09;946.48;10.45;32.62;199.44
01/04/2020 08:55;40.743326160046;-73.989884496208;11.70;23.21;192.80;56.00;1200.20;8.46;14.00;274.00;10.00;305.00;16.73;1016.32;46.41;1092.98;10.32;30.00;183.88
01/04/2020 08:56;40.683889919199;-73.981680025827;11.79;21.29;173.33;57.00;1222.51;5.10;12.00;336.00;20.00;333.00;15.59;1019.09;74.87;1078.28;11.08;35.21;197.27
01/04/2020 08:57;40.780534882409;-73.976489835309;7.80;22.74;147.60;58.00;1244.83;9.97;17.00;336.00;12.00;320.00;15.63;1016.65;69.59;1050.07;10.46;34.55;182.39
01/04/2020 08:58;40.732281041572;-73.98792691978;12.13;15.87;201.02;59.00;1267.14;9.30;5.00;296.00;8.00;313.00;15.24;1012.57;75.48;993.67;8.81;31.95;204.03
01/04/2020 08:59;40.657221383154;-73.888862789012;13.72;21.22;138.43;60.00;1289.46;6.76;17.00;307.00;9.00;319.00;15.42;1008.63;56.21;1027.45;11.69;37.07;180.90
01/04/2020 09:00;40.690044411028;-73.98683839769;12.78;22.42;165.55;61.00;1311.77;9.96;10.00;319.00;20.00;332.00;16.49;1019.00;50.14;1026.85;9.85;31.12;209.02
01/04/2020 09:01;40.743129728216;-73.951540995515;6.65;16.18;189.91;62.00;1334.08;5.09;17.00;346.00;9.00;291.00;15.54;1013.50;43.05;1075.58;9.52;35.04;190.66
01/04/2020 09:02;40.634131829699;-74.122339623025;7.62;19.27;138.23;63.00;1356.40;8.06;8.00;308.00;19.00;259.00;15.08;1012.59;72.37;978.80;9.22;32.20;195.53
01/04/2020 09:03;40.782209931486;-73.914485967896;5.61;16.64;173.28;64.00;1378.71;7.95;8.00;326.00;19.00;338.00;16.42;1005.08;69.23;953.42;11.99;33.76;197.93
01/04/2020 09:04;40.720651658088;-74.010097618713;5.11;23.17;137.10;65.00;1401.03;6.10;7.00;254.00;17.00;349.00;15.01;1019.38;61.13;1045.19;9.10;39.35;202.01
01/04/2020 09:05;40.706052299103;-73.831440279795;9.41;16.81;192.71;66.00;1423.34;7.03;19.00;313.00;5.00;276.00;16.39;1011.01;71.50;1054.20;10.65;32.19;180.77
01/04/2020 09:06;40.671705667342;-73.930835937715;11.68;23.57;174.81;67.00;1445.65;8.38;19.00;295.00;5.00;280.00;16.25;1016.84;46.43;966.85;10.17;39.71;199.33
01/04/2020 09:07;40.855234584885;-73.936851153613;5.48;21.33;191.56;68.00;1467.97;7.72;20.00;349.00;8.00;268.00;15.80;1008.45;71.51;970.62;10.74;30.10;181.90
01/04/2020 09:08;40.63090388831;-74.102871823726;8.92;24.31;133.76;69.00;1490.28;8.74;8.00;303.00;20.00;337.00;16.82;1012.53;73.24;998.20;8.14;31.57;204.07
01/04/2020 09:09;40.753866018844;-73.989612185526;14.67;18.36;227.67;70.00;1512.60;6.42;9.00;304.00;17.00;275.00;16.23;1012.58;52.72;1091.83;11.62;32.79;192.55
01/04/2020 09:10;40.749180367453;-73.889751825031;13.74;20.52;189.46;71.00;1534.91;7.57;14.00;334.00;6.00;345.00;16.23;1019.15;50.11;1096.46;11.56;38.73;183.50
01/04/2020 09:11;40.836192232967;-73.943305602028;5.35;19.88;162.66;72.00;1557.22;6.69;18.00;306.00;9.00;285.00;16.82;1012.25;42.32;1029.00;10.97;31.23;187.93
01/04/2020 09:12;40.868146592388;-73.831436384477;6.58;22.99;131.45;73.00;1579.54;6.60;12.00;268.00;5.00;330.00;16.44;1008.24;65.88;1032.41;10.39;36.09;219.34
01/04/2020 09:13;40.72909733122;-73.990207779976;6.94;20.36;145.34;74.00;1601.85;8.15;16.00;303.00;20.00;258.00;15.46;1019.43;61.47;943.96;9.08;31.97;186.38
01/04/2020 09:14;40.713567616903;-73.94927560817;10.62;15.93;143.91;75.00;1624.17;9.69;20.00;273.00;18.00;338.00;16.03;1018.84;43.66;917.65;8.48;34.12;204.55
01/04/2020 09:15;40.788074166414;-73.949305295138;13.43;19.52;183.61;76.00;1646.48;6.88;15.00;341.00;5.00;270.00;15.08;1010.08;75.77;1070.30;11.14;38.01;187.29
01/04/2020 09:16;40.640525637746;-74.015090336292;12.29;15.56;192.60;77.00;1668.79;6.05;11.00;335.00;14.00;264.00;15.06;1008.40;66.42;913.82;9.59;39.60;197.07
01/04/2020 09:17;40.693234142483;-73.972932676009;8.56;24.07;212.17;78.00;1691.11;8.63;8.00;301.00;13.00;344.00;16.70;1008.69;52.89;1018.68;11.40;30.07;192.78
01/04/2020 09:18;40.709192785941;-73.829895740678;6.00;24.29;148.60;79.00;1713.42;5.21;19.00;311.00;12.00;298.00;16.91;1012.65;76.32;988.85;9.54;37.44;202.59
01/04/2020 09:19;40.787824607234;-73.974894696743;12.57;21.88;227.35;80.00;1735.74;5.38;11.00;332.00;16.00;276.00;16.20;1008.44;49.87;978.58;11.36;34.16;196.25
01/04/2020 09:20;40.795369607434;-73.973476075332;9.81;23.43;197.24;81.00;1758.05;7.83;12.00;330.00;18.00;278.00;15.28;1017.75;40.20;954.35;11.56;38.50;210.93
01/04/2020 09:21;40.709460951991;-74.012930997635;6.41;15.63;142.92;82.00;1780.36;8.04;11.00;310.00;6.00;344.00;15.94;1011.26;40.25;971.99;10.49;36.55;185.08
01/04/2020 09:22;40.76101919033;-73.80388433303;5.05;16.99;182.97;83.00;1802.68;8.46;19.00;278.00;10.00;345.00;16.95;1017.06;58.87;1027.80;10.48;33.56;180.28
01/04/2020 09:23;40.65520563018;-73.956329989905;12.49;18.08;223.13;84.00;1824.99;6.74;11.00;321.00;20.00;251.00;15.56;1012.38;63.29;968.08;11.40;31.33;219.16
01/04/2020 09:24;40.845849203507;-73.863043222117;9.37;17.44;185.80;85.00;1847.31;5.23;14.00;340.00;7.00;255.00;15.21;1017.38;49.05;933.74;9.43;39.64;197.72
01/04/2020 09:25;40.675711764626;-73.739243404671;10.36;19.35;136.37;86.00;1869.62;7.88;13.00;300.00;10.00;323.00;16.06;1017.92;45.90;947.24;8.65;35.86;202.57
01/04/2020 09:26;40.742495491631;-73.854097435139;12.21;16.27;225.85;87.00;1891.93;6.78;15.00;288.00;6.00;265.00;16.06;1017.45;65.62;964.04;9.94;35.97;207.88
01/04/2020 09:27;40.831407601911;-73.844589426555;10.09;15.60;180.65;88.00;1914.25;8.86;9.00;341.00;7.00;269.00;15.68;1005.75;47.80;947.21;8.63;34.29;187.18
01/04/2020 09:28;40.725380589145;-73.986910764439;7.99;22.08;169.21;89.00;1936.56;9.45;13.00;322.00;19.00;268.00;15.93;1018.45;48.92;976.57;10.24;30.61;210.79
01/04/2020 09:29;40.642900739632;-74.00541585143;11.02;15.95;202.21;90.00;1958.88;6.94;13.00;296.00;16.00;283.00;16.07;1014.89;66.79;979.05;9.98;37.73;200.32
01/04/2020 09:30;40.743294653339;-73.979902527918;7.03;16.56;138.21;91.00;1981.19;8.11;6.00;321.00;10.00;338.00;16.75;1005.76;46.45;968.76;10.80;31.00;188.47
01/04/2020 09:31;40.756918006477;-73.972065672336;11.92;20.66;215.23;92.00;2003.50;7.06;18.00;284.00;18.00;340.00;15.24;1016.02;42.69;1089.76;8.11;36.11;197.30
01/04/2020 09:32;40.84794513154;-73.831296204969;10.64;15.53;134.35;93.00;2025.82;5.97;16.00;277.00;11.00;272.00;16.00;1017.06;45.03;949.91;11.95;37.05;199.09
01/04/2020 09:33;40.749716908068;-73.977287550407;9.32;21.07;190.72;94.00;2048.13;7.86;9.00;276.00;5.00;268.00;15.02;1019.05;62.28;1070.15;9.74;30.72;189.09
01/04/2020 09:34;40.761458093605;-73.990430421402;10.30;22.13;218.09;95.00;2070.45;9.66;17.00;348.00;6.00;262.00;15.53;1009.63;70.87;1060.89;11.55;38.39;213.59
01/04/2020 09:35;40.867612345474;-73.883053893875;9.25;21.55;171.58;96.00;2092.76;5.96;15.00;269.00;10.00;264.00;16.95;1012.07;59.28;1045.38;8.36;35.52;217.25
01/04/2020 09:36;40.829058363848;-73.948515117844;10.91;24.19;146.59;97.00;2115.07;6.45;8.00;287.00;17.00;339.00;15.51;1017.76;69.14;1045.77;11.62;38.23;193.62
01/04/2020 09:37;40.780217501487;-73.952976283073;11.66;24.15;217.75;98.00;2137.39;7.09;8.00;334.00;20.00;344.00;16.49;1012.10;57.82;1023.11;9.16;39.47;188.27
01/04/2020 09:38;40.760571479067;-73.989762745281;8.10;17.22;205.37;99.00;2159.70;9.59;11.00;291.00;19.00;274.00;16.56;1015.98;71.99;1052.70;9.58;30.01;217.59
01/04/2020 09:39;40.631105762471;-74.101182458524;13.15;19.02;182.46;100.00;2182.02;8.84;6.00;262.00;16.00;298.00;15.42;1008.90;71.78;991.36;8.24;31.33;185.92
01/04/2020 09:40;40.649886691815;-73.903293626631;11.28;22.83;213.96;101.00;2204.33;8.38;15.00;328.00;7.00;252.00;16.17;1015.55;71.76;909.25;9.74;33.39;204.09
01/04/2020 09:41;40.745757405003;-73.984402137304;5.99;18.35;141.55;102.00;2226.64;9.72;12.00;348.00;6.00;296.00;16.91;1012.23;44.24;912.15;9.65;31.94;198.97
01/04/2020 09:42;40.715991386777;-74.004786923723;9.94;17.90;167.30;103.00;2248.96;7.06;7.00;274.00;6.00;349.00;15.97;1006.24;76.95;1023.84;11.98;31.63;216.29
01/04/2020 09:43;40.867409932672;-73.883741210729;13.06;24.19;165.64;104.00;2271.27;7.44;13.00;346.00;10.00;336.00;15.73;1017.25;50.01;1067.50;10.57;34.06;188.49
01/04/2020 09:44;40.740652526048;-73.987499574155;11.21;20.28;202.58;105.00;2293.59;5.65;12.00;252.00;6.00;270.00;15.56;1012.59;42.50;932.56;9.17;37.57;192.45
01/04/2020 09:45;40.710281364962;-73.794071578859;14.95;21.08;149.86;106.00;2315.90;5.96;14.00;314.00;12.00;292.00;16.31;1006.49;51.31;982.72;10.27;32.82;194.54
01/04/2020 09:46;40.714153903796;-73.960443138946;11.16;17.84;141.48;107.00;2338.21;6.60;19.00;338.00;7.00;331.00;16.42;1006.63;59.06;1037.74;8.04;36.14;214.66
01/04/2020 09:47;40.758198776766;-73.980320339473;6.63;22.29;205.09;108.00;2360.53;6.99;15.00;290.00;19.00;288.00;16.59;1008.17;67.12;1050.30;8.99;34.76;184.72
01/04/2020 09:48;40.753763450051;-73.981552453793;10.08;18.97;149.94;109.00;2382.84;6.28;20.00;251.00;9.00;325.00;16.00;1012.66;63.92;1018.81;10.59;34.85;203.84
01/04/2020 09:49;40.639954976133;-73.986970824378;12.05;17.71;173.78;110.00;2405.16;6.11;14.00;324.00;10.00;307.00;16.54;1015.86;62.28;968.66;9.72;30.80;206.84
01/04/2020 09:50;40.765199921742;-73.965567789281;6.84;20.88;131.33;111.00;2427.47;8.72;9.00;315.00;13.00;289.00;15.91;1018.35;52.24;981.94;10.85;35.40;217.36
01/04/2020 09:51;40.76272452693;-73.978340789128;7.95;18.45;218.22;112.00;2449.78;9.64;19.00;271.00;19.00;264.00;16.06;1006.57;62.53;910.28;10.37;30.26;188.42
01/04/2020 09:52;40.645414894597;-73.90264789955;8.02;16.00;223.86;113.00;2472.10;7.78;15.00;305.00;5.00;273.00;15.12;1012.08;59.49;1061.44;8.77;37.35;190.02
01/04/2020 09:53;40.643971621272;-73.929538738185;9.56;15.25;215.01;114.00;2494.41;7.58;8.00;325.00;18.00;253.00;15.64;1006.01;78.28;1004.39;10.61;30.82;213.16
01/04/2020 09:54;40.875921988625;-73.887150660626;14.94;15.35;222.00;115.00;2516.73;9.00;17.00;336.00;9.00;272.00;16.07;1012.71;41.44;1051.72;10.43;35.07;210.99
01/04/2020 09:55;40.761491198234;-73.924349383833;7.40;16.05;172.84;116.00;2539.04;5.95;17.00;304.00;7.00;345.00;15.16;1013.47;41.35;911.73;11.10;35.96;182.12
01/04/2020 09:56;40.677664571164;-73.828757893149;9.17;18.52;170.70;117.00;2561.35;8.02;8.00;314.00;10.00;341.00;15.44;1016.03;46.26;937.11;9.26;35.23;208.08
01/04/2020 09:57;40.643888405293;-74.011563356969;9.41;23.09;201.82;118.00;2583.67;8.82;9.00;251.00;5.00;333.00;16.15;1015.68;46.34;1029.86;9.63;30.17;201.35
01/04/2020 09:58;40.74651585585;-73.993871940439;7.69;16.54;161.15;119.00;2605.98;8.21;20.00;265.00;18.00;301.00;15.85;1018.35;59.48;994.80;10.69;32.19;186.75
01/04/2020 09:59;0;0;13.30;24.89;164.36;120.00;2628.30;5.97;10.00;328.00;5.00;324.00;15.09;1018.60;51.37;978.39;8.56;35.44;198.66
01/04/2020 10:00;40.622275755923;-74.028551379625;13.01;24.60;138.71;121.00;2650.61;6.66;15.00;280.00;19.00;303.00;15.11;1016.20;51.03;983.09;11.13;35.96;185.48
01/04/2020 10:01;40.756398148557;-73.979938263923;5.94;20.58;201.14;122.00;2672.92;8.36;14.00;320.00;14.00;348.00;15.06;1010.54;72.81;1079.57;8.05;36.93;191.15
01/04/2020 10:02;40.84794513154;-73.831296204969;7.03;18.72;204.32;123.00;2695.24;7.76;5.00;336.00;10.00;319.00;16.07;1017.23;65.03;1069.61;11.12;30.53;201.31
01/04/2020 10:03;40.624797978141;-73.984502562056;14.63;18.73;171.98;124.00;2717.55;5.49;11.00;321.00;18.00;287.00;15.68;1008.76;60.03;973.21;9.91;38.29;214.82
01/04/2020 10:04;40.827898814336;-73.907167662758;11.81;15.21;150.94;125.00;2739.87;6.73;11.00;250.00;10.00;329.00;15.34;1017.16;52.39;977.34;9.02;39.59;203.45
01/04/2020 10:05;40.846395039647;-73.917197090363;13.42;24.74;152.94;126.00;2762.18;5.45;12.00;307.00;11.00;346.00;16.51;1013.19;41.30;1010.74;8.74;37.34;198.12
01/04/2020 10:06;40.728106884989;-73.999069139622;10.02;24.58;143.91;127.00;2784.49;9.42;11.00;268.00;15.00;304.00;15.94;1015.93;49.51;1036.01;8.62;36.91;215.77
01/04/2020 10:07;40.605256155625;-73.999362566131;6.64;21.35;169.88;128.00;2806.81;7.77;17.00;294.00;5.00;302.00;16.86;1010.39;77.24;1015.02;11.46;30.44;193.28
01/04/2020 10:08;40.748832608482;-73.913074504463;8.47;17.97;227.18;129.00;2829.12;9.98;11.00;258.00;18.00;290.00;15.86;1019.57;79.11;1093.60;8.74;30.37;209.27
01/04/2020 10:09;40.685860198436;-73.793592009741;11.83;22.81;169.29;130.00;2851.44;6.21;15.00;318.00;7.00;315.00;16.06;1008.47;43.99;1056.45;8.10;36.43;189.87
01/04/2020 10:10;40.717286520693;-73.835120170548;11.45;21.66;211.99;131.00;2873.75;6.32;18.00;298.00;7.00;291.00;16.55;1011.29;60.96;1089.62;8.60;37.04;212.16
01/04/2020 10:11;40.734439049353;-74.001699523502;12.83;18.59;224.21;132.00;2896.06;6.25;18.00;324.00;9.00;283.00;15.59;1012.68;56.68;971.48;11.61;30.33;217.47
01/04/2020 10:12;40.728962681488;-73.988522848659;10.96;15.34;157.52;133.00;2918.38;5.03;5.00;293.00;20.00;275.00;16.88;1007.19;70.37;974.00;11.38;34.98;214.03
01/04/2020 10:13;40.611730739157;-74.158830217992;9.22;18.17;130.18;134.00;2940.69;5.48;12.00;277.00;16.00;256.00;16.40;1019.89;73.80;1042.01;9.60;37.48;184.11
01/04/2020 10:14;0;0;5.31;23.85;157.20;135.00;2963.01;8.32;16.00;256.00;6.00;287.00;15.52;1016.47;54.00;1041.75;10.31;33.09;201.86
01/04/2020 10:15;40.899168041281;-73.867497980473;7.07;21.96;189.79;136.00;2985.32;6.19;14.00;347.00;6.00;291.00;16.36;1010.93;52.82;1087.79;9.61;32.55;198.15
01/04/2020 10:16;40.60940279738;-73.962255798326;6.05;18.16;190.57;137.00;3007.63;5.91;12.00;302.00;7.00;334.00;16.04;1007.98;52.68;1078.47;10.50;31.93;181.28
01/04/2020 10:17;40.654075966415;-73.959559886864;13.11;18.85;163.18;138.00;3029.95;7.35;20.00;300.00;13.00;279.00;16.64;1007.28;44.42;993.47;9.35;35.39;202.20
01/04/2020 10:18;0;0;6.63;20.44;134.11;139.00;3052.26;7.39;14.00;258.00;10.00;348.00;15.04;1007.79;42.15;1046.04;8.44;35.66;181.07
01/04/2020 10:19;40.743332794963;-73.978336291181;13.35;20.44;135.24;140.00;3074.58;5.05;15.00;250.00;20.00;288.00;15.31;1009.93;71.89;1005.95;9.34;34.94;216.12
01/04/2020 10:20;40.61016276324;-73.984336698024;5.06;15.09;130.04;141.00;3096.89;9.72;19.00;252.00;14.00;255.00;15.47;1016.96;58.36;958.06;11.28;32.85;188.54
01/04/2020 10:21;40.83612090723;-73.943381554249;11.43;20.45;214.39;142.00;3119.20;5.85;6.00;305.00;12.00;259.00;15.94;1011.37;65.84;1001.03;10.14;31.82;193.34
01/04/2020 10:22;40.646605986805;-74.008763862246;7.40;22.30;154.88;143.00;3141.52;6.72;20.00;309.00;5.00;283.00;16.23;1015.78;63.66;979.77;8.55;34.30;212.45
01/04/2020 10:23;40.693145721275;-73.970545482456;9.55;24.83;162.56;144.00;3163.83;8.30;8.00;299.00;7.00;316.00;15.32;1014.13;62.84;1087.97;10.30;37.98;205.30
01/04/2020 10:24;40.718272102307;-73.991890448984;7.97;24.54;221.82;145.00;3186.15;9.39;7.00;322.00;13.00;348.00;15.67;1016.96;57.30;920.45;11.38;35.59;212.45
01/04/2020 10:25;40.898628457755;-73.854791546984;9.12;20.37;200.54;146.00;3208.46;7.29;9.00;324.00;7.00;341.00;16.18;1005.91;41.48;924.32;10.81;33.18;191.26
01/04/2020 10:26;40.764952922795;-73.917240974008;14.33;23.03;219.29;147.00;3230.77;8.97;16.00;320.00;12.00;285.00;16.24;1019.58;77.43;919.89;10.53;30.43;211.42
01/04/2020 10:27;40.637052726319;-73.952158780752;6.99;24.48;194.69;148.00;3253.09;8.73;12.00;276.00;17.00;336.00;15.48;1016.68;57.71;913.08;10.12;37.36;180.75
01/04/2020 10:28;40.626493536306;-74.129426046848;11.51;20.47;172.93;149.00;3275.40;7.85;12.00;317.00;12.00;298.00;16.02;1019.72;60.67;1061.00;9.76;32.30;192.42
01/04/2020 10:29;40.755327028469;-73.768766508619;5.73;23.64;178.09;150.00;3297.72;6.42;9.00;304.00;10.00;324.00;15.55;1011.62;77.43;976.81;10.07;38.02;207.91
01/04/2020 10:30;40.85151325954;-73.928396286343;14.09;24.11;153.46;151.00;3320.03;6.71;20.00;307.00;6.00;312.00;16.40;1006.48;48.88;1019.35;9.49;31.07;209.51
01/04/2020 10:31;40.85213352572;-73.884509037371;13.50;24.97;147.05;152.00;3342.34;7.38;6.00;283.00;16.00;306.00;15.43;1008.06;48.21;928.39;11.80;33.37;181.00
01/04/2020 10:32;40.743043184589;-73.987228464027;6.69;22.74;161.67;153.00;3364.66;5.56;20.00;335.00;9.00;334.00;15.84;1015.15;78.59;920.70;9.10;35.86;180.69
01/04/2020 10:33;40.681613218343;-74.000630955635;9.15;16.58;146.16;154.00;3386.97;8.24;18.00;330.00;20.00;346.00;15.14;1011.16;50.50;1006.25;10.04;37.42;192.22
01/04/2020 10:34;40.756322362914;-73.97193958988;11.27;18.40;155.53;155.00;3409.29;9.19;8.00;281.00;15.00;269.00;15.11;1008.20;43.90;947.28;8.60;31.10;195.35
01/04/2020 10:35;40.847047038568;-73.786406764151;6.41;16.76;133.98;156.00;3431.60;8.22;10.00;264.00;20.00;331.00;15.72;1007.89;50.75;1065.91;9.41;32.59;196.09
01/04/2020 10:36;0;0;10.09;17.73;199.38;157.00;3453.91;8.73;17.00;348.00;18.00;341.00;16.81;1009.35;74.23;1082.95;10.75;39.99;210.00
01/04/2020 10:37;40.553951670782;-74.217892145273;11.88;18.89;201.98;158.00;3476.23;9.73;18.00;338.00;14.00;308.00;15.43;1005.68;55.42;919.97;11.61;31.92;186.60
01/04/2020 10:38;40.757400218788;-73.968712170448;12.13;17.10;174.78;159.00;3498.54;8.96;6.00;254.00;12.00;338.00;15.88;1019.39;62.49;1046.54;11.88;31.41;196.44
01/04/2020 10:39;40.726745465222;-74.002121452239;14.80;18.19;157.35;160.00;3520.86;7.10;17.00;284.00;15.00;275.00;16.89;1011.15;47.17;908.91;8.01;38.59;194.03
01/04/2020 10:40;40.675191688618;-73.959968831852;6.16;24.05;188.20;161.00;3543.17;8.76;16.00;340.00;9.00;294.00;15.81;1018.13;44.86;985.21;11.70;34.12;208.09
01/04/2020 10:41;40.684715035706;-73.929405379605;14.34;15.94;185.04;162.00;3565.48;9.14;16.00;324.00;5.00;332.00;15.30;1012.42;66.48;985.23;9.53;32.72;199.86
01/04/2020 10:42;40.743938291242;-73.857713941371;9.56;23.65;161.20;163.00;3587.80;6.17;19.00;338.00;11.00;279.00;16.73;1015.88;52.93;919.82;11.63;39.12;183.74
01/04/2020 10:43;40.808712957286;-73.930310106101;5.63;16.66;137.11;164.00;3610.11;6.73;5.00;270.00;8.00;321.00;16.69;1009.62;74.44;985.59;10.19;37.34;204.85
01/04/2020 10:44;40.770869426772;-73.961889549107;8.16;23.16;179.69;165.00;3632.43;6.65;7.00;273.00;9.00;277.00;16.17;1017.38;78.19;1063.86;11.91;39.68;182.88
01/04/2020 10:45;40.598250808127;-73.987763999052;14.15;16.19;207.22;166.00;3654.74;7.34;12.00;253.00;9.00;261.00;15.23;1018.57;62.85;1007.48;9.28;37.66;182.24
01/04/2020 10:46;40.752320832941;-73.973323644879;14.12;15.52;178.64;167.00;3677.05;7.32;7.00;284.00;8.00;327.00;15.29;1016.26;46.66;977.52;8.17;34.26;217.66
01/04/2020 10:47;40.651390379139;-73.949625784635;10.26;23.63;210.88;168.00;3699.37;6.17;18.00;341.00;17.00;318.00;15.93;1010.23;60.21;932.21;9.96;38.09;214.71
01/04/2020 10:48;40.815662777336;-73.918026667898;11.13;22.43;145.04;169.00;3721.68;7.11;13.00;252.00;18.00;298.00;16.25;1009.45;75.90;1009.12;9.18;36.89;210.24
01/04/2020 10:49;40.689815842146;-73.98140434252;11.50;20.60;163.30;170.00;3744.00;6.24;7.00;318.00;6.00;311.00;16.92;1017.59;78.33;969.41;9.68;30.81;213.22
01/04/2020 10:50;40.717732167889;-73.944921874537;13.12;22.23;155.59;171.00;3766.31;5.65;8.00;275.00;7.00;318.00;16.25;1010.40;49.83;973.70;8.13;30.01;211.82
01/04/2020 10:51;40.754821353032;-73.991532257266;5.39;18.83;135.03;172.00;3788.62;7.39;9.00;302.00;9.00;254.00;15.86;1019.21;60.40;1002.47;8.79;39.82;206.23
01/04/2020 10:52;40.621337566528;-74.026353639344;5.95;21.86;157.45;173.00;3810.94;8.57;6.00;258.00;20.00;310.00;16.63;1018.24;51.50;974.30;11.82;31.95;186.42
01/04/2020 10:53;40.845090921936;-73.890513917789;10.25;20.99;223.49;174.00;3833.25;7.87;14.00;289.00;16.00;297.00;16.11;1005.65;76.13;1071.08;8.63;34.97;219.65
01/04/2020 10:54;40.734329103281;-74.006209925913;8.01;16.34;177.91;175.00;3855.57;9.71;11.00;266.00;17.00;321.00;16.12;1007.67;72.60;968.55;8.09;34.81;186.80
01/04/2020 10:55;40.665808948484;-73.909758742656;7.98;23.91;135.19;176.00;3877.88;6.12;14.00;256.00;13.00;340.00;16.04;1014.83;54.38;912.03;9.14;31.81;199.64
01/04/2020 10:56;40.701797554248;-73.923634760825;5.29;15.56;184.83;177.00;3900.19;8.74;8.00;275.00;12.00;303.00;15.19;1014.39;42.88;950.47;11.19;33.85;183.81
01/04/2020 10:57;40.604627473577;-74.005409133457;14.81;24.60;137.23;178.00;3922.51;9.19;8.00;341.00;11.00;279.00;16.67;1007.31;48.44;1069.88;8.80;34.30;194.80
01/04/2020 10:58;40.731049080016;-74.006729192073;14.56;20.27;144.28;179.00;3944.82;6.60;16.00;254.00;16.00;296.00;16.03;1013.07;49.44;969.68;9.26;35.40;184.66
01/04/2020 10:59;40.677846505415;-73.985773658398;8.64;23.99;179.28;180.00;3967.14;6.17;5.00;256.00;16.00;254.00;15.63;1005.37;41.76;1009.56;11.90;38.56;180.84
01/04/2020 11:00;40.719322705112;-73.961626929792;9.55;16.69;221.21;181.00;3989.45;9.51;5.00;267.00;19.00;324.00;16.21;1014.93;65.37;1033.72;10.42;39.26;209.45
01/04/2020 11:01;40.763917523474;-73.808680598987;6.61;24.11;203.10;182.00;4011.76;7.33;16.00;305.00;13.00;313.00;15.32;1014.45;71.35;996.14;9.34;35.40;198.94
01/04/2020 11:02;40.718379083332;-73.837141244419;8.64;22.53;137.07;183.00;4034.08;9.23;13.00;297.00;12.00;326.00;15.71;1015.49;52.06;1027.94;9.47;30.34;212.25
01/04/2020 11:03;40.732731637327;-74.006444311893;7.90;23.63;211.03;184.00;4056.39;6.78;5.00;293.00;10.00;290.00;15.55;1018.88;56.54;972.79;11.44;32.74;212.60
01/04/2020 11:04;40.725555871857;-73.98390539302;12.13;18.34;130.12;185.00;4078.71;5.78;15.00;345.00;15.00;257.00;15.03;1018.37;51.72;927.66;9.69;30.16;201.70
01/04/2020 11:05;40.743342818979;-73.920270455954;14.22;19.16;191.79;186.00;4101.02;6.54;20.00;291.00;17.00;280.00;15.71;1015.42;44.72;959.83;11.75;33.24;195.83
01/04/2020 11:06;40.729273405603;-74.001403531203;14.34;20.89;169.61;187.00;4123.33;6.45;8.00;318.00;12.00;321.00;16.36;1008.64;73.83;902.00;8.08;35.09;208.16
01/04/2020 11:07;40.805489642083;-73.963946663755;5.28;15.65;202.88;188.00;4145.65;8.24;8.00;289.00;17.00;315.00;15.58;1007.82;56.55;1092.89;11.43;35.85;209.56
01/04/2020 11:08;40.727151709687;-74.000349969603;7.40;23.71;222.25;189.00;4167.96;8.89;20.00;343.00;20.00;281.00;16.42;1015.36;61.54;1030.49;10.81;30.31;194.18
01/04/2020 11:09;40.755074496038;-73.828143037983;13.00;22.33;210.82;190.00;4190.28;7.82;6.00;343.00;6.00;264.00;16.46;1015.86;74.12;940.67;9.60;31.69;202.36
01/04/2020 11:10;40.760124133495;-73.9632132714;14.89;19.13;162.96;191.00;4212.59;7.53;20.00;291.00;19.00;347.00;15.30;1008.31;61.02;932.09;11.70;35.20;218.25
01/04/2020 11:11;40.716861735536;-73.950178542766;9.63;19.67;216.42;192.00;4234.90;7.62;11.00;325.00;17.00;254.00;16.14;1007.69;71.95;1098.79;8.21;39.25;196.77
01/04/2020 11:12;40.751673998894;-73.97767668145;12.30;23.24;187.87;193.00;4257.22;7.56;14.00;321.00;14.00;329.00;15.90;1013.30;58.97;1056.83;8.58;33.35;203.84
01/04/2020 11:13;40.717451608975;-73.995346445053;10.64;15.09;196.73;194.00;4279.53;6.55;6.00;306.00;15.00;287.00;16.40;1011.11;77.02;969.44;8.57;30.43;214.63
01/04/2020 11:14;40.828432766425;-73.948970898181;7.75;18.89;177.22;195.00;4301.85;5.85;15.00;264.00;15.00;347.00;16.11;1005.64;55.91;993.76;11.21;38.69;212.38
01/04/2020 11:15;40.686731482133;-73.794252760071;14.12;23.10;171.71;196.00;4324.16;7.53;16.00;344.00;10.00;255.00;16.81;1013.86;67.72;1060.45;11.29;31.59;210.39
01/04/2020 11:16;40.759137552085;-73.968350383869;7.29;20.19;149.04;197.00;4346.47;9.62;7.00;344.00;18.00;313.00;16.52;1018.26;57.74;988.33;10.77;31.69;201.35
01/04/2020 11:17;40.743296351728;-73.996232400573;14.75;15.29;146.07;198.00;4368.79;8.43;6.00;280.00;14.00;261.00;16.07;1011.11;61.89;1054.11;11.31;32.32;187.66
01/04/2020 11:18;40.651531178652;-73.934904033933;8.33;20.74;165.71;199.00;4391.10;7.42;14.00;286.00;9.00;319.00;15.24;1019.39;42.28;949.05;10.04;30.16;207.38
01/04/2020 11:19;40.687313808326;-73.835288319741;10.76;18.34;145.96;200.00;4413.42;9.65;9.00;330.00;10.00;257.00;16.93;1014.75;78.39;953.75;11.40;36.14;185.92
01/04/2020 11:20;40.584655154799;-73.816655769117;7.01;20.52;133.22;201.00;4435.73;9.49;8.00;308.00;8.00;317.00;15.41;1018.42;40.44;927.05;10.22;34.38;216.51
01/04/2020 11:21;40.740971805259;-73.879841567041;14.48;15.08;163.79;202.00;4458.04;6.96;6.00;274.00;11.00;285.00;15.57;1012.72;48.55;978.18;11.81;35.17;190.51
01/04/2020 11:22;40.634729080901;-73.962738621376;7.19;19.16;183.86;203.00;4480.36;5.40;15.00;323.00;12.00;269.00;16.49;1008.80;78.62;926.12;11.03;30.31;186.50
01/04/2020 11:23;40.657100938838;-73.960203185552;14.08;15.64;213.12;204.00;4502.67;6.89;16.00;280.00;19.00;269.00;16.05;1018.07;77.20;966.56;11.46;39.05;190.19
01/04/2020 11:24;40.647676468623;-73.955733132326;6.78;23.96;166.55;205.00;4524.99;8.36;17.00;326.00;6.00;275.00;15.11;1017.12;41.46;924.14;11.32;31.81;198.76
01/04/2020 11:25;40.746894352563;-73.989905606376;6.42;23.88;160.27;206.00;4547.30;5.07;15.00;312.00;19.00;252.00;15.70;1007.33;79.99;1051.87;10.65;39.74;209.97
01/04/2020 11:26;40.640516081385;-73.965949460277;12.34;23.65;151.92;207.00;4569.61;7.21;8.00;255.00;16.00;328.00;16.50;1015.83;75.80;971.03;11.94;35.19;212.04
01/04/2020 11:27;40.677157097642;-73.982395715831;12.69;15.52;160.73;208.00;4591.93;7.76;8.00;331.00;12.00;302.00;15.00;1006.90;62.29;1088.54;10.01;35.99;200.09
01/04/2020 11:28;40.759769411236;-73.936581040398;14.01;23.96;168.56;209.00;4614.24;9.90;20.00;342.00;20.00;349.00;15.30;1005.55;75.92;1012.68;10.79;38.10;216.11
01/04/2020 11:29;40.61897952763;-73.955129079725;9.15;17.96;225.41;210.00;4636.56;7.89;9.00;309.00;15.00;302.00;15.17;1016.55;61.69;962.27;10.82;34.77;196.75
01/04/2020 11:30;40.676916297559;-73.972261545605;14.27;24.74;211.29;211.00;4658.87;9.38;9.00;251.00;18.00;335.00;15.84;1013.61;46.12;1037.43;11.19;35.73;185.31
01/04/2020 11:31;40.763407116036;-73.807111758057;12.73;18.92;151.09;212.00;4681.18;7.69;16.00;269.00;7.00;279.00;15.47;1015.39;73.52;940.47;8.02;39.50;205.09
01/04/2020 11:32;40.689973183048;-73.972227245585;11.93;23.61;209.44;213.00;4703.50;7.48;10.00;271.00;6.00;272.00;15.04;1010.26;62.31;1019.35;10.78;33.89;201.07
01/04/2020 11:33;40.765212661677;-73.98769710694;11.77;22.52;165.98;214.00;4725.81;8.59;18.00;343.00;10.00;285.00;16.94;1015.95;54.12;1047.21;11.68;33.13;194.71
01/04/2020 11:34;40.640529241731;-73.99444381573;10.04;17.10;207.25;215.00;4748.13;9.86;17.00;298.00;10.00;262.00;15.38;1011.36;66.82;1043.19;8.34;35.60;180.17
01/04/2020 11:35;40.749389754098;-73.887730355409;11.92;16.11;167.10;216.00;4770.44;7.07;18.00;305.00;7.00;282.00;16.59;1009.05;59.71;950.89;9.85;30.98;219.65
01/04/2020 11:36;40.716751492059;-74.00823201583;6.14;21.31;133.19;217.00;4792.75;6.51;7.00;327.00;13.00;270.00;15.49;1010.71;73.84;912.72;10.40;38.04;218.89
01/04/2020 11:37;40.827375338625;-73.886619036102;11.78;21.99;156.33;218.00;4815.07;7.53;15.00;257.00;17.00;313.00;16.88;1008.50;79.10;900.19;11.24;32.26;208.12
01/04/2020 11:38;40.750486769412;-73.985472958915;7.63;17.55;216.78;219.00;4837.38;9.06;18.00;313.00;7.00;307.00;16.37;1007.44;54.23;976.14;8.40;37.49;200.64
01/04/2020 11:39;40.669404226358;-73.992743541104;5.76;19.96;197.58;220.00;4859.70;9.83;13.00;258.00;11.00;312.00;15.55;1018.39;76.61;1065.28;8.21;30.69;182.38
01/04/2020 11:40;40.743412613763;-73.888711239335;13.90;21.82;131.35;221.00;4882.01;8.51;17.00;261.00;7.00;313.00;15.49;1017.04;50.75;1016.29;8.95;38.90;209.80
01/04/2020 11:41;40.743720032216;-73.979566777464;5.95;20.37;159.31;222.00;4904.32;6.24;16.00;289.00;7.00;304.00;16.31;1011.35;48.45;977.71;10.03;36.67;183.58
01/04/2020 11:42;40.775979608678;-73.982138412314;6.07;15.79;152.25;223.00;4926.64;7.24;14.00;251.00;12.00;350.00;16.92;1015.01;61.00;1025.26;9.05;32.48;196.04
01/04/2020 11:43;40.674704716569;-73.950055137853;7.97;24.99;140.48;224.00;4948.95;9.39;13.00;287.00;7.00;293.00;16.49;1007.29;66.90;922.24;11.95;33.03;196.61
01/04/2020 11:44;40.823600481498;-73.914139904033;12.91;20.80;224.47;225.00;4971.27;7.16;20.00;342.00;12.00;252.00;15.98;1011.70;49.77;937.54;9.64;31.90;201.22
01/04/2020 11:45;40.772273899388;-73.980363099092;11.32;18.97;181.26;226.00;4993.58;8.37;7.00;320.00;7.00;299.00;16.63;1014.30;49.59;1084.58;8.62;30.81;206.50
01/04/2020 11:46;40.830306808401;-73.947603533529;13.38;17.09;152.98;227.00;5015.89;6.38;18.00;321.00;8.00;293.00;15.21;1011.77;79.96;985.10;8.50;36.99;199.83
01/04/2020 11:47;40.612797508378;-74.126557622709;10.43;22.86;171.19;228.00;5038.21;5.28;11.00;321.00;6.00;284.00;15.87;1019.61;75.38;1064.67;9.57;34.83;192.87
01/04/2020 11:48;40.69532038471;-73.92032810465;9.70;24.36;203.45;229.00;5060.52;9.03;12.00;317.00;15.00;348.00;15.72;1017.40;74.47;1065.43;8.93;37.65;215.54
01/04/2020 11:49;40.682663633785;-73.961922125495;9.40;17.49;180.99;230.00;5082.84;5.44;9.00;322.00;8.00;316.00;16.56;1017.13;77.51;1043.76;10.54;30.27;186.26
01/04/2020 11:50;40.714838403799;-74.008015342742;10.89;21.04;209.45;231.00;5105.15;9.65;13.00;253.00;18.00;269.00;16.62;1013.93;71.80;1078.45;11.14;39.65;216.42
01/04/2020 11:51;40.747787049848;-73.882485494917;11.47;20.25;193.53;232.00;5127.46;7.67;5.00;278.00;20.00;328.00;15.93;1016.72;43.49;1011.05;9.22;31.74;196.23
01/04/2020 11:52;40.718115916207;-73.997803067196;9.31;22.27;158.06;233.00;5149.78;8.21;12.00;312.00;14.00;312.00;16.17;1015.71;66.92;1010.77;11.23;34.48;196.67
01/04/2020 11:53;40.750113736361;-73.818598750266;10.85;16.21;185.81;234.00;5172.09;8.34;18.00;264.00;9.00;338.00;16.45;1019.72;50.72;976.40;10.52;30.13;190.05
01/04/2020 11:54;40.759480578937;-73.968104761178;8.97;23.69;211.19;235.00;5194.41;8.36;11.00;336.00;20.00;339.00;15.78;1005.80;61.03;951.53;9.82;35.89;201.14
01/04/2020 11:55;40.7547322911;-73.968634020858;12.73;20.46;201.78;236.00;5216.72;7.82;5.00;295.00;6.00;313.00;15.58;1018.78;71.29;1000.39;8.35;30.07;215.07
01/04/2020 11:56;40.712266265454;-73.962720359725;9.72;22.54;228.49;237.00;5239.03;6.10;8.00;267.00;5.00;298.00;15.77;1005.50;73.60;1049.49;8.31;36.00;206.00
01/04/2020 11:57;40.764145510241;-73.771277184967;10.15;15.81;201.01;238.00;5261.35;8.15;19.00;281.00;19.00;294.00;16.76;1014.59;70.93;1036.04;11.45;37.84;210.67
01/04/2020 11:58;40.86772311622;-73.884022677369;9.25;23.93;221.29;239.00;5283.66;9.44;5.00;250.00;20.00;330.00;16.46;1019.53;59.02;964.09;10.86;33.39;214.93
01/04/2020 11:59;40.750517267166;-73.862023667648;13.43;19.62;132.25;240.00;5305.98;7.78;11.00;341.00;13.00;275.00;16.56;1013.41;58.61;1015.30;11.83;34.68;198.47
01/04/2020 12:00;0;0;12.03;23.74;180.75;241.00;5328.29;8.89;6.00;329.00;7.00;344.00;16.54;1014.48;60.38;1039.67;9.76;36.22;183.12
01/04/2020 12:01;40.722920844715;-73.983545261413;12.42;19.34;211.35;242.00;5350.60;9.84;17.00;278.00;5.00;302.00;16.10;1013.14;45.64;1053.66;11.49;38.11;219.48
01/04/2020 12:02;40.729316839623;-73.989388719848;13.35;20.65;133.90;243.00;5372.92;7.85;18.00;325.00;14.00;336.00;16.66;1008.86;70.51;1048.93;8.89;34.68;217.81
01/04/2020 12:03;40.723358769395;-73.950566909429;8.95;19.77;223.41;244.00;5395.23;8.81;9.00;318.00;18.00;318.00;16.36;1008.56;51.09;1033.50;8.27;38.75;198.71
01/04/2020 12:04;40.736098933941;-73.987233408618;11.77;20.73;179.36;245.00;5417.55;9.17;20.00;255.00;19.00;333.00;16.92;1009.75;62.63;1085.46;11.59;33.86;218.28
01/04/2020 12:05;40.674358937486;-73.735802254597;13.28;24.38;186.27;246.00;5439.86;7.44;13.00;343.00;7.00;342.00;15.09;1019.05;60.73;918.56;9.09;31.83;183.12
01/04/2020 12:06;40.867293323467;-73.867305031994;14.94;24.02;169.42;247.00;5462.17;7.47;5.00;274.00;20.00;261.00;16.34;1006.04;48.74;1024.17;8.88;34.31;181.80
01/04/2020 12:07;40.844978129292;-73.890243027742;12.55;21.77;224.17;248.00;5484.49;9.83;5.00;263.00;5.00;321.00;15.00;1007.26;66.76;921.04;9.12;37.37;207.36
01/04/2020 12:08;40.814460625261;-73.959194715974;9.68;19.82;144.03;249.00;5506.80;7.49;14.00;265.00;9.00;299.00;16.08;1005.29;50.67;1047.97;9.06;36.01;189.86
01/04/2020 12:09;40.729223493268;-73.989128955409;7.16;20.31;172.60;250.00;5529.12;7.99;17.00;302.00;5.00;278.00;16.05;1019.23;42.29;980.68;8.90;39.06;214.64
01/04/2020 12:10;40.688271406208;-73.95490198003;14.43;19.93;222.14;251.00;5551.43;9.76;5.00;283.00;11.00;328.00;16.80;1010.62;54.15;924.22;8.35;39.24;199.14
01/04/2020 12:11;40.735393696135;-73.955122550467;11.00;19.19;169.08;252.00;5573.74;8.81;16.00;307.00;16.00;290.00;15.95;1014.12;67.54;953.57;8.77;36.75;209.60
01/04/2020 12:12;40.699080194018;-73.915747059108;13.01;22.11;213.91;253.00;5596.06;5.14;10.00;333.00;10.00;327.00;16.37;1005.03;72.96;1031.78;8.35;39.13;216.45
01/04/2020 12:13;40.753861732582;-73.978513323124;9.04;16.69;192.73;254.00;5618.37;7.89;16.00;350.00;17.00;317.00;16.97;1008.18;76.78;1039.27;8.77;32.59;192.48
01/04/2020 12:14;40.764922714857;-73.917219351751;8.97;16.84;204.78;255.00;5640.69;8.15;5.00;301.00;15.00;253.00;15.45;1009.86;59.92;1097.03;9.21;34.17;208.97
01/04/2020 12:15;40.760367337647;-73.981532569014;11.77;19.63;170.11;256.00;5663.00;9.71;11.00;291.00;20.00;342.00;15.93;1010.70;40.01;1016.72;8.94;31.30;180.29
01/04/2020 12:16;40.687521133476;-73.959723419794;13.43;21.63;215.85;257.00;5685.31;6.93;15.00;300.00;18.00;305.00;15.12;1008.64;50.06;904.39;10.91;35.84;217.69
01/04/2020 12:17;40.69204867494;-73.963957756723;10.39;18.91;164.42;258.00;5707.63;8.91;13.00;279.00;7.00;335.00;16.27;1015.84;67.81;1048.43;11.36;36.66;185.67
01/04/2020 12:18;40.630224479201;-74.015015944606;7.61;17.46;174.17;259.00;5729.94;6.63;12.00;279.00;8.00;324.00;16.55;1015.19;43.78;1092.97;9.82;34.43;212.44
01/04/2020 12:19;40.749924909282;-73.995120399211;5.75;22.61;134.66;260.00;5752.26;7.99;14.00;305.00;12.00;259.00;16.09;1017.55;50.36;935.23;9.37;35.95;202.57
01/04/2020 12:20;40.732873832445;-73.954691264639;10.22;21.16;130.96;261.00;5774.57;6.13;19.00;272.00;6.00;310.00;16.95;1008.92;41.14;979.92;8.51;38.09;214.17
01/04/2020 12:21;40.770248873599;-73.953770389711;7.71;18.79;141.64;262.00;5796.88;7.24;8.00;263.00;7.00;316.00;16.34;1009.56;53.05;1028.27;8.21;31.97;184.25
01/04/2020 12:22;40.748253077174;-73.876699306921;8.30;23.81;145.12;263.00;5819.20;5.14;9.00;258.00;18.00;270.00;15.31;1018.96;57.26;986.13;8.81;31.04;182.20
01/04/2020 12:23;40.742562644915;-73.954175813379;9.37;24.14;162.52;264.00;5841.51;6.15;9.00;325.00;9.00;278.00;16.33;1018.28;66.08;901.53;9.96;37.47;192.88
01/04/2020 12:24;40.61194746944;-74.010437679285;11.98;17.81;144.92;265.00;5863.83;8.98;8.00;261.00;13.00;326.00;15.80;1006.08;40.42;1089.12;10.31;30.35;213.21
01/04/2020 12:25;40.628794723592;-73.927944462124;9.57;22.52;186.10;266.00;5886.14;6.89;10.00;254.00;6.00;325.00;15.56;1008.92;40.91;979.97;10.95;37.26;205.00
01/04/2020 12:26;40.777366534405;-73.955054436919;11.92;24.58;156.61;267.00;5908.45;5.04;11.00;266.00;14.00;280.00;16.85;1005.66;54.71;1068.33;11.70;39.54;196.71
01/04/2020 12:27;40.67506967363;-73.999423183095;10.53;19.08;225.18;268.00;5930.77;9.68;8.00;332.00;10.00;329.00;16.33;1017.58;45.52;929.88;8.27;37.97;194.90
01/04/2020 12:28;40.687313808326;-73.835288319741;7.14;17.20;168.99;269.00;5953.08;8.18;19.00;270.00;7.00;300.00;15.05;1012.42;60.90;915.81;11.42;33.67;191.63
01/04/2020 12:29;40.884468674949;-73.83275103188;14.24;16.64;220.00;270.00;5975.40;6.94;11.00;260.00;9.00;346.00;15.44;1014.61;62.01;984.46;8.91;30.91;207.58
01/04/2020 12:30;40.833602366429;-73.860918357933;13.82;20.47;220.76;271.00;5997.71;8.81;16.00;332.00;8.00;326.00;15.26;1007.65;64.67;1031.45;11.53;32.64;194.41
01/04/2020 12:31;40.743663074805;-73.92299834905;14.01;19.53;132.51;272.00;6020.02;7.52;7.00;273.00;16.00;260.00;16.35;1008.02;63.92;907.25;8.82;33.48;195.32
01/04/2020 12:32;40.769091672571;-73.924712569212;8.27;24.70;208.13;273.00;6042.34;6.02;18.00;322.00;16.00;251.00;15.50;1018.99;41.63;1014.67;11.82;33.94;205.45
01/04/2020 12:33;40.764298071803;-73.983094585048;14.01;22.29;190.86;274.00;6064.65;9.98;7.00;277.00;16.00;349.00;16.84;1009.73;55.46;960.03;9.26;39.34;184.17
01/04/2020 12:34;40.77494671375;-73.913690181539;6.07;23.34;144.59;275.00;6086.97;7.97;9.00;302.00;10.00;342.00;16.16;1017.73;76.04;950.99;8.23;35.73;198.88
01/04/2020 12:35;40.820247702693;-73.954949490204;13.93;19.06;194.43;276.00;6109.28;5.38;16.00;312.00;14.00;314.00;16.96;1014.54;68.69;961.68;11.72;38.00;210.69
01/04/2020 12:36;40.601996088217;-73.753436491636;9.44;15.21;209.33;277.00;6131.59;9.10;9.00;325.00;20.00;340.00;16.74;1014.56;54.00;1083.09;11.55;35.17;212.12
01/04/2020 12:37;40.820427129385;-73.890984601453;12.31;24.92;149.72;278.00;6153.91;8.81;15.00;302.00;15.00;250.00;16.77;1015.71;44.01;1064.48;9.52;30.24;181.99
01/04/2020 12:38;40.736481138391;-73.997459657418;5.74;16.58;211.85;279.00;6176.22;5.36;20.00;282.00;16.00;332.00;16.03;1015.54;66.13;1077.36;9.47;37.74;201.50
01/04/2020 12:39;40.67305247529;-73.957114963475;7.42;16.70;155.43;280.00;6198.54;5.58;12.00;297.00;7.00;289.00;16.10;1016.96;53.69;983.64;9.41;38.43;198.83
01/04/2020 12:40;40.675470391737;-73.813964469726;7.30;15.54;168.41;281.00;6220.85;5.62;5.00;274.00;5.00;330.00;16.91;1008.52;65.47;1058.08;11.97;36.80;188.23
01/04/2020 12:41;40.742286213534;-73.869485653458;9.05;15.59;147.31;282.00;6243.16;8.82;15.00;282.00;15.00;322.00;15.54;1015.74;47.79;985.29;10.87;35.50;193.85
01/04/2020 12:42;40.693572200402;-73.964523089282;9.94;21.98;213.20;283.00;6265.48;5.27;8.00;251.00;9.00;258.00;15.34;1007.16;60.01;997.89;8.79;31.85;190.87
01/04/2020 12:43;40.637995916181;-74.079336560158;9.86;19.08;223.84;284.00;6287.79;8.71;18.00;282.00;9.00;255.00;16.78;1018.09;47.53;957.78;10.76;32.15;213.42
01/04/2020 12:44;40.762775385515;-73.805229237206;6.03;24.59;146.04;285.00;6310.11;7.00;8.00;280.00;19.00;318.00;16.58;1013.80;68.97;1054.24;10.26;32.67;184.93
01/04/2020 12:45;40.704962365404;-74.012089753905;7.21;17.41;191.36;286.00;6332.42;5.01;19.00;313.00;12.00;275.00;15.95;1009.02;44.58;1056.31;10.01;32.06;185.52
01/04/2020 12:46;40.647698611505;-73.974320596291;10.97;16.23;226.84;287.00;6354.73;7.34;10.00;344.00;20.00;294.00;16.48;1010.02;69.21;963.96;10.19;33.46;193.83
01/04/2020 12:47;40.745953453244;-73.956822446279;8.63;19.22;192.22;288.00;6377.05;5.92;9.00;340.00;18.00;296.00;16.97;1012.68;79.58;1079.17;9.19;33.47;187.57
01/04/2020 12:48;40.65026264276;-73.890971815455;7.70;17.82;172.37;289.00;6399.36;8.54;14.00;312.00;7.00;286.00;16.34;1005.14;47.64;982.50;11.83;37.45;211.27
01/04/2020 12:49;40.714163376103;-73.995339461057;9.18;24.70;141.18;290.00;6421.68;7.65;14.00;292.00;6.00;322.00;16.50;1009.39;69.78;941.75;9.45;36.70;194.25
01/04/2020 12:50;40.727151709687;-74.000349969603;5.50;22.67;228.20;291.00;6443.99;6.56;18.00;307.00;5.00;288.00;15.09;1014.74;75.17;1001.19;8.02;32.87;219.23
01/04/2020 12:51;40.742210940467;-73.982782640795;12.60;17.04;152.53;292.00;6466.30;9.45;8.00;305.00;14.00;288.00;15.07;1019.34;43.52;1078.68;11.75;34.80;207.44
01/04/2020 12:52;40.728846908665;-73.984355598382;14.62;18.74;173.18;293.00;6488.62;8.06;12.00;307.00;7.00;285.00;16.76;1013.58;74.66;1032.64;9.91;36.14;212.95
01/04/2020 12:53;40.748373980278;-73.992536406355;9.29;23.93;208.82;294.00;6510.93;7.81;6.00;282.00;5.00;311.00;16.53;1005.76;76.63;935.99;9.77;33.95;207.13
01/04/2020 12:54;0;0;12.92;16.67;189.52;295.00;6533.25;8.12;13.00;346.00;13.00;325.00;15.29;1007.56;66.73;1037.38;9.47;36.94;182.49
01/04/2020 12:55;40.741720423676;-73.919925967086;6.37;16.56;217.67;296.00;6555.56;5.69;9.00;269.00;14.00;341.00;15.10;1016.16;54.46;955.52;9.09;37.50;203.84
01/04/2020 12:56;40.753391155579;-73.822213596673;6.97;18.39;208.78;297.00;6577.87;8.79;12.00;252.00;15.00;348.00;15.43;1006.10;64.66;1088.75;10.78;35.58;200.40
01/04/2020 12:57;40.780327257557;-73.952893156244;11.68;23.24;130.31;298.00;6600.19;5.25;19.00;314.00;16.00;278.00;15.72;1019.27;56.25;961.48;8.57;30.14;208.79
01/04/2020 12:58;40.760096691349;-73.973129203154;7.76;15.48;207.26;299.00;6622.50;9.20;18.00;339.00;7.00;333.00;15.01;1018.69;70.42;1099.63;8.36;34.99;217.20
01/04/2020 12:59;40.64780280141;-74.00749193984;11.09;18.24;170.04;300.00;6644.82;8.69;13.00;256.00;13.00;330.00;15.85;1018.06;60.58;1050.41;10.75;37.05;219.49
01/04/2020 13:00;40.639210374174;-73.96878942007;9.54;15.63;220.38;301.00;6667.13;7.99;15.00;256.00;10.00;275.00;15.27;1016.82;45.99;1044.30;8.43;39.00;188.72
01/04/2020 13:01;40.748288555642;-73.988465370104;10.49;22.89;183.71;302.00;6689.44;8.32;18.00;291.00;16.00;324.00;15.30;1014.97;50.32;940.04;10.14;30.32;209.49
01/04/2020 13:02;40.568162210654;-74.12611639977;10.86;23.46;221.77;303.00;6711.76;8.29;6.00;333.00;9.00;267.00;15.01;1005.14;63.07;1038.86;11.56;32.44;214.04
01/04/2020 13:03;40.853813196193;-73.908808636822;5.59;16.28;158.85;304.00;6734.07;7.24;12.00;250.00;6.00;310.00;16.05;1009.29;41.60;969.98;8.51;33.64;193.76
01/04/2020 13:04;40.810095824264;-73.903143033748;8.14;24.45;227.21;305.00;6756.39;8.10;14.00;319.00;18.00;338.00;15.95;1015.02;44.93;998.63;8.52;32.92;200.51
01/04/2020 13:05;40.647676468623;-73.955733132326;9.72;19.81;212.17;306.00;6778.70;6.55;17.00;277.00;18.00;266.00;15.10;1018.91;47.80;972.01;11.58;38.69;208.70
01/04/2020 13:06;40.747542355426;-73.993142819043;9.32;21.66;139.39;307.00;6801.01;5.39;15.00;337.00;15.00;292.00;16.91;1008.02;75.43;1073.65;10.40;30.63;205.19
01/04/2020 13:07;40.672174265157;-73.957432765848;10.61;19.69;206.16;308.00;6823.33;8.66;5.00;274.00;6.00;251.00;16.28;1012.63;59.75;1066.74;10.93;35.42;214.71
01/04/2020 13:08;40.655893712507;-73.942021395673;12.23;20.72;142.66;309.00;6845.64;9.12;9.00;279.00;9.00;327.00;16.57;1010.97;57.47;1093.72;8.52;38.31;213.93
01/04/2020 13:09;40.664023783407;-73.942089996478;6.17;21.88;157.34;310.00;6867.96;5.61;12.00;286.00;15.00;348.00;15.28;1007.02;46.36;1061.42;9.62;37.51;189.95
01/04/2020 13:10;40.646537686336;-73.998075699991;8.64;20.77;191.61;311.00;6890.27;8.04;14.00;295.00;7.00;289.00;15.48;1007.62;40.75;1053.98;11.57;38.45;208.44
01/04/2020 13:11;40.76770759736;-73.866569189159;12.22;19.54;207.78;312.00;6912.58;8.06;5.00;272.00;13.00;300.00;15.78;1005.05;72.87;1042.16;8.46;35.82;196.89
01/04/2020 13:12;40.853818300273;-73.908324242113;10.32;15.98;215.67;313.00;6934.90;9.44;12.00;321.00;7.00;285.00;15.82;1016.69;41.14;954.08;9.51;38.48;212.12
01/04/2020 13:13;40.636919302564;-73.937310759686;6.70;20.24;152.22;314.00;6957.21;6.70;16.00;282.00;7.00;348.00;15.02;1017.55;40.92;1026.51;8.95;39.55;201.35
01/04/2020 13:14;40.717061493746;-73.96308201326;14.01;21.25;147.78;315.00;6979.53;6.42;18.00;338.00;19.00;284.00;16.74;1014.90;56.97;957.27;10.82;36.85;212.76
01/04/2020 13:15;40.829323263464;-73.875215114828;12.37;15.11;219.98;316.00;7001.84;9.53;11.00;264.00;5.00;271.00;15.26;1009.18;55.93;967.38;9.81;37.93;200.31
01/04/2020 13:16;40.838435079829;-73.83540784678;13.53;23.62;149.09;317.00;7024.15;6.34;19.00;314.00;18.00;279.00;16.38;1013.23;53.25;936.48;9.04;38.37;195.89
01/04/2020 13:17;40.756040453799;-73.833594508216;14.75;21.78;181.58;318.00;7046.47;8.27;11.00;275.00;16.00;250.00;16.91;1006.54;78.20;948.19;9.68;32.41;201.45
01/04/2020 13:18;40.747437429821;-73.986202651877;6.88;24.86;199.91;319.00;7068.78;9.96;7.00;326.00;13.00;299.00;16.82;1009.25;61.08;1016.48;8.23;38.52;211.42
01/04/2020 13:19;40.669140741466;-73.992963461702;11.24;23.50;171.18;320.00;7091.10;6.16;14.00;342.00;15.00;339.00;15.61;1005.70;45.02;913.50;9.41;38.40;194.76
01/04/2020 13:20;40.687851807882;-73.83340475498;10.77;22.80;153.87;321.00;7113.41;5.37;13.00;271.00;17.00;308.00;15.13;1009.07;55.89;1057.03;9.73;35.37;181.24
01/04/2020 13:21;40.859165375933;-73.898906671578;8.76;17.71;207.46;322.00;7135.72;6.26;18.00;330.00;11.00;337.00;16.67;1005.04;75.84;1055.83;10.75;31.15;206.17
01/04/2020 13:22;40.82244817505;-73.941033864044;8.83;21.07;208.25;323.00;7158.04;6.33;17.00;349.00;16.00;349.00;16.24;1009.47;52.24;1066.34;10.76;32.22;211.02
01/04/2020 13:23;40.678895808772;-73.949640981165;11.66;16.20;175.42;324.00;7180.35;7.58;10.00;273.00;17.00;289.00;16.70;1014.48;77.40;1096.38;11.56;36.12;205.12
01/04/2020 13:24;40.674861402137;-73.976473153946;14.49;18.49;141.54;325.00;7202.67;5.94;10.00;329.00;11.00;264.00;16.92;1009.07;58.75;1008.97;9.50;37.09;198.75
01/04/2020 13:25;40.663246396408;-73.981314457464;7.52;16.66;196.15;326.00;7224.98;7.81;13.00;296.00;7.00;252.00;15.03;1014.37;54.09;1059.11;8.14;34.38;185.81
01/04/2020 13:26;40.702165074727;-73.820190391864;11.79;17.48;185.94;327.00;7247.29;5.36;13.00;324.00;8.00;264.00;15.59;1007.38;46.75;1072.91;10.85;33.94;204.50
01/04/2020 13:27;40.875021689755;-73.892858229156;11.81;21.32;152.36;328.00;7269.61;9.04;5.00;256.00;16.00;267.00;16.85;1018.98;47.65;947.25;8.94;39.05;204.83
01/04/2020 13:28;40.763875301699;-73.749650937991;11.10;18.66;193.13;329.00;7291.92;8.61;18.00;304.00;13.00;301.00;15.31;1018.80;50.98;901.55;11.35;37.47;203.45
01/04/2020 13:29;40.751927723906;-73.702666846878;7.29;20.46;163.12;330.00;7314.24;8.60;5.00;274.00;17.00;263.00;16.97;1017.14;65.64;940.47;10.70;38.79;202.17
01/04/2020 13:30;40.682614864632;-73.993257686691;11.54;19.65;153.35;331.00;7336.55;6.33;12.00;294.00;13.00;289.00;16.01;1018.42;40.64;923.82;10.40;36.21;187.97
01/04/2020 13:31;40.604947584235;-73.970109171348;10.58;16.52;202.23;332.00;7358.86;7.80;9.00;315.00;13.00;342.00;15.76;1019.91;77.55;904.25;9.00;32.87;182.14
01/04/2020 13:32;40.740417084329;-74.004095823603;8.64;23.20;131.14;333.00;7381.18;7.18;20.00;344.00;20.00;259.00;16.84;1016.98;75.60;938.30;9.08;30.73;212.02
01/04/2020 13:33;40.764911717603;-73.917194095549;9.87;20.03;144.77;334.00;7403.49;9.36;9.00;339.00;7.00;268.00;15.91;1013.06;47.68;1086.13;8.30;32.40;215.70
01/04/2020 13:34;40.698346890621;-73.820063687041;10.29;22.50;144.02;335.00;7425.81;8.38;13.00;259.00;10.00;281.00;15.48;1009.34;53.43;983.57;10.57;35.01;210.50
01/04/2020 13:35;40.831704608741;-73.86690651118;7.62;21.98;224.77;336.00;7448.12;7.93;11.00;260.00;10.00;282.00;15.94;1019.58;74.98;932.86;10.81;31.33;215.77
01/04/2020 13:36;40.68423445252;-74.002509499718;7.97;22.07;187.56;337.00;7470.43;8.73;13.00;266.00;12.00;272.00;15.07;1011.98;50.83;1045.29;9.12;37.95;196.71
01/04/2020 13:37;40.747315178763;-73.976970777703;10.43;23.15;135.00;338.00;7492.75;5.28;16.00;271.00;9.00;275.00;15.60;1013.38;78.34;1088.46;8.38;37.29;215.85
01/04/2020 13:38;40.678883862968;-73.927374573754;9.31;15.59;136.65;339.00;7515.06;5.00;12.00;300.00;19.00;284.00;16.35;1010.39;48.07;993.44;10.49;32.09;197.05
01/04/2020 13:39;40.726813694739;-73.853363414075;9.60;22.42;195.28;340.00;7537.38;6.30;20.00;282.00;12.00;291.00;16.85;1015.84;58.39;1079.20;11.81;31.93;216.01
01/04/2020 13:40;40.625370072394;-74.143934388328;6.07;16.06;137.49;341.00;7559.69;7.41;6.00;250.00;20.00;251.00;15.33;1014.62;68.63;1047.02;11.92;36.02;214.13
01/04/2020 13:41;40.741726367976;-74.003081852298;8.74;17.39;141.84;342.00;7582.00;9.88;11.00;266.00;15.00;292.00;15.81;1013.79;79.42;940.30;11.84;32.32;202.46
01/04/2020 13:42;40.705417790469;-73.782278116215;13.64;23.46;164.14;343.00;7604.32;5.62;18.00;339.00;10.00;321.00;16.89;1011.05;62.09;911.24;9.08;38.80;200.31
01/04/2020 13:43;40.673484636108;-73.982717535686;10.97;19.96;178.25;344.00;7626.63;5.78;5.00;337.00;15.00;270.00;15.11;1013.54;78.17;973.11;8.12;33.54;184.68
01/04/2020 13:44;40.757836686507;-73.789206226704;6.88;19.06;205.10;345.00;7648.95;9.31;10.00;301.00;13.00;316.00;15.06;1017.10;68.14;1014.69;10.46;34.01;182.42
01/04/2020 13:45;40.809331622602;-73.923413370319;6.48;18.47;156.42;346.00;7671.26;5.38;8.00;311.00;15.00;289.00;15.15;1012.83;62.11;983.94;8.58;35.21;187.58
01/04/2020 13:46;40.879097412953;-73.905132297295;10.25;18.29;197.58;347.00;7693.57;9.73;10.00;342.00;5.00;328.00;16.30;1007.36;70.97;955.60;11.93;31.33;185.76
01/04/2020 13:47;40.820997385432;-73.896208125872;8.51;18.74;143.24;348.00;7715.89;9.28;12.00;258.00;18.00;321.00;16.61;1019.98;69.85;1066.14;11.71;33.91;193.68
01/04/2020 13:48;40.637652612977;-74.007292626665;9.78;18.72;193.24;349.00;7738.20;9.92;13.00;318.00;8.00;266.00;16.10;1016.53;46.06;1098.71;11.61;38.66;206.75
01/04/2020 13:49;40.760954215526;-73.830279236955;5.47;24.35;207.88;350.00;7760.52;5.32;6.00;306.00;5.00;336.00;16.80;1005.67;48.52;1067.06;8.30;33.64;207.32
01/04/2020 13:50;40.739873141519;-73.78824203443;5.61;16.46;176.65;351.00;7782.83;9.50;15.00;307.00;13.00;307.00;15.28;1007.19;59.90;1046.71;11.54;37.92;187.69
01/04/2020 13:51;40.810756820716;-73.855634249473;13.65;20.64;213.61;352.00;7805.14;9.10;16.00;288.00;18.00;311.00;15.38;1006.59;52.92;917.68;10.93;32.44;213.87
01/04/2020 13:52;40.723909682181;-74.010260463366;5.83;24.28;165.36;353.00;7827.46;5.59;12.00;250.00;7.00;255.00;16.70;1015.96;77.92;1056.06;8.01;32.16;182.41
01/04/2020 13:53;40.863203729943;-73.858159162232;10.24;17.57;163.35;354.00;7849.77;7.54;14.00;336.00;8.00;255.00;16.37;1005.87;72.39;1005.15;8.36;35.88;192.07
01/04/2020 13:54;40.759535331184;-73.832253763433;9.08;18.40;196.23;355.00;7872.09;5.86;12.00;348.00;11.00;304.00;16.00;1008.96;69.36;1029.00;8.77;33.42;208.21
01/04/2020 13:55;40.696214908945;-73.972693448472;8.22;24.51;213.84;356.00;7894.40;9.04;16.00;330.00;10.00;327.00;16.43;1012.15;79.11;968.51;8.60;37.25;180.04
01/04/2020 13:56;40.7121576202;-73.966428539688;13.84;23.36;173.57;357.00;7916.71;6.08;8.00;298.00;20.00;336.00;16.57;1012.72;49.01;1010.28;9.54;33.18;212.60
01/04/2020 13:57;40.871419633272;-73.865785363035;11.72;19.52;205.25;358.00;7939.03;5.20;15.00;251.00;10.00;334.00;16.79;1008.70;52.16;923.76;8.89;30.69;194.29
01/04/2020 13:58;40.727195007792;-73.988086593963;7.73;23.08;197.29;359.00;7961.34;6.10;12.00;261.00;20.00;297.00;16.02;1008.75;49.23;1041.91;11.47;33.70;218.95
01/04/2020 13:59;40.695591805567;-73.988799081856;14.68;19.99;194.53;360.00;7983.66;5.99;20.00;287.00;17.00;309.00;16.92;1017.57;43.40;971.52;11.41;30.85;181.93
01/04/2020 14:00;40.638270419876;-73.999477549065;11.37;19.08;193.19;361.00;8005.97;9.76;14.00;341.00;14.00;273.00;16.19;1019.61;67.76;921.21;8.93;30.41;183.94
01/04/2020 14:01;40.88462843217;-73.849024964874;6.55;24.50;217.97;362.00;8028.28;6.27;19.00;312.00;17.00;288.00;16.26;1018.91;61.51;1018.65;10.43;31.93;214.41
01/04/2020 14:02;40.752486367873;-73.977268555955;11.50;15.44;152.05;363.00;8050.60;7.08;10.00;330.00;16.00;326.00;15.48;1019.25;48.95;1092.34;10.39;37.78;219.25
01/04/2020 14:03;40.615598338935;-73.99375073575;13.76;16.46;151.87;364.00;8072.91;6.76;9.00;261.00;13.00;315.00;16.16;1008.99;52.98;922.80;9.26;31.65;218.66
01/04/2020 14:04;40.762023740274;-73.993708065757;8.66;16.01;199.93;365.00;8095.23;6.59;14.00;286.00;9.00;328.00;16.65;1019.95;52.00;973.10;9.39;34.21;201.60
01/04/2020 14:05;40.706646108853;-73.798043151277;13.86;19.75;215.72;366.00;8117.54;9.17;20.00;256.00;10.00;333.00;15.93;1009.25;53.98;973.97;8.73;38.94;210.59
01/04/2020 14:06;40.624971796867;-74.079508343237;6.20;21.62;149.16;367.00;8139.85;8.64;12.00;345.00;12.00;267.00;16.13;1013.97;56.44;1011.20;11.71;39.83;199.79
01/04/2020 14:07;40.62628419391;-74.023956361421;14.31;15.42;176.10;368.00;8162.17;7.00;15.00;286.00;10.00;268.00;16.22;1010.26;66.24;947.50;10.50;34.60;219.27
01/04/2020 14:08;40.770798559134;-73.735392916356;12.75;15.93;182.66;369.00;8184.48;5.87;8.00;289.00;6.00;286.00;15.78;1016.35;69.69;988.55;11.14;38.27;211.75
01/04/2020 14:09;40.734156073531;-74.007981592284;6.85;18.85;211.85;370.00;8206.80;7.02;19.00;252.00;17.00;251.00;15.09;1013.05;78.26;1090.29;8.51;36.88;183.24
01/04/2020 14:10;40.697677257229;-73.936488866579;6.10;17.09;193.20;371.00;8229.11;9.15;16.00;343.00;12.00;265.00;16.19;1008.09;74.62;935.17;11.90;33.02;191.59
01/04/2020 14:11;40.757424939315;-73.968777131238;12.05;15.03;227.37;372.00;8251.42;9.35;8.00;275.00;16.00;339.00;16.53;1014.41;61.16;930.76;9.14;39.82;206.71
01/04/2020 14:12;0;0;13.49;23.48;212.12;373.00;8273.74;7.72;20.00;296.00;5.00;277.00;16.52;1014.09;48.43;1057.87;8.23;32.48;200.87
01/04/2020 14:13;40.616129810903;-74.095248932174;11.46;19.44;165.20;374.00;8296.05;7.98;8.00;269.00;12.00;256.00;15.69;1009.00;46.81;1083.87;9.51;31.23;195.97
01/04/2020 14:14;40.637894209354;-74.079552624231;9.81;21.63;173.86;375.00;8318.37;9.55;18.00;311.00;20.00;348.00;16.15;1007.71;65.56;908.67;8.66;39.46;217.86
01/04/2020 14:15;40.689982637862;-73.906873619624;11.65;22.31;215.09;376.00;8340.68;8.47;6.00;268.00;9.00;325.00;16.75;1009.00;73.89;973.33;10.35;38.77;202.12
01/04/2020 14:16;40.722710735377;-73.800869620795;11.13;17.14;173.45;377.00;8362.99;7.11;16.00;286.00;15.00;339.00;15.98;1016.63;51.47;942.77;9.40;30.17;203.80
01/04/2020 14:17;40.798487940579;-73.943818209175;13.47;15.93;223.67;378.00;8385.31;9.79;6.00;282.00;5.00;311.00;16.88;1013.75;78.44;922.93;11.29;37.48;217.70
01/04/2020 14:18;40.703641025356;-73.918182980404;13.87;22.09;159.18;379.00;8407.62;7.03;13.00;334.00;11.00;279.00;16.27;1012.29;67.37;982.61;10.58;38.89;186.67
01/04/2020 14:19;40.698168707066;-73.984957874301;12.92;22.33;182.30;380.00;8429.94;5.67;6.00;294.00;12.00;264.00;16.07;1016.11;49.11;968.20;9.89;37.15;212.46
01/04/2020 14:20;40.842812274702;-73.923855369324;9.10;15.54;179.69;381.00;8452.25;9.53;18.00;277.00;18.00;311.00;15.72;1018.82;45.80;989.12;9.35;38.38;212.64
01/04/2020 14:21;40.692259854836;-73.991121932695;7.23;19.93;192.16;382.00;8474.56;5.41;11.00;300.00;15.00;292.00;16.67;1013.32;63.66;995.62;8.31;37.41;198.22
01/04/2020 14:22;40.750509164767;-73.989479170444;12.61;23.52;193.98;383.00;8496.88;6.39;17.00;291.00;7.00;253.00;15.93;1006.10;50.24;1030.74;10.78;39.18;193.50
01/04/2020 14:23;40.741617107084;-73.882767073715;10.82;17.05;218.48;384.00;8519.19;9.54;12.00;332.00;7.00;282.00;16.60;1019.78;62.83;978.90;11.18;38.72;201.37
01/04/2020 14:24;40.743408430515;-73.989094152564;13.95;23.20;223.71;385.00;8541.51;5.77;10.00;261.00;11.00;275.00;16.58;1019.83;56.25;1014.64;8.27;34.33;198.71
01/04/2020 14:25;40.764035816802;-73.831621474015;8.11;19.20;211.94;386.00;8563.82;9.20;11.00;324.00;11.00;335.00;15.88;1008.15;61.50;1074.24;9.09;32.99;182.47
01/04/2020 14:26;40.741869040229;-74.004713006739;13.83;19.34;178.27;387.00;8586.13;6.75;12.00;287.00;6.00;336.00;15.57;1010.06;64.11;967.68;8.68;35.42;215.34
01/04/2020 14:27;40.764210690228;-73.915664351276;14.83;17.04;152.34;388.00;8608.45;9.99;18.00;295.00;5.00;339.00;16.51;1016.03;62.31;1057.74;8.22;31.85;213.96
01/04/2020 14:28;40.705882584331;-73.896647739042;13.13;19.87;184.67;389.00;8630.76;7.40;20.00;263.00;12.00;307.00;15.05;1010.93;73.02;909.33;10.60;36.58;216.21
01/04/2020 14:29;40.652936039332;-73.976109713433;13.84;22.25;154.18;390.00;8653.08;6.61;19.00;265.00;20.00;326.00;16.33;1010.70;55.76;964.13;9.13;39.04;198.50
01/04/2020 14:30;40.746886470496;-73.896421476592;7.63;22.02;140.28;391.00;8675.39;7.65;9.00;342.00;20.00;312.00;16.14;1017.64;64.30;962.96;10.34;36.42;195.07
01/04/2020 14:31;40.744304954931;-73.981255546968;5.78;15.48;157.63;392.00;8697.70;9.61;14.00;254.00;17.00;270.00;16.29;1011.28;56.88;951.96;8.60;30.97;184.62
01/04/2020 14:32;40.658087956218;-73.950345148824;6.82;21.39;194.31;393.00;8720.02;8.76;14.00;315.00;15.00;332.00;15.78;1010.79;67.53;1080.52;10.04;39.08;218.81
01/04/2020 14:33;40.735671954808;-73.934464284313;5.97;16.47;134.88;394.00;8742.33;5.09;17.00;292.00;17.00;286.00;16.54;1009.04;73.15;1088.01;11.84;30.08;185.89
01/04/2020 14:34;40.729001116838;-73.988609434844;11.65;18.60;169.84;395.00;8764.65;9.61;6.00;337.00;20.00;325.00;16.08;1012.87;71.22;999.76;11.71;33.08;201.96
01/04/2020 14:35;40.631067678093;-74.00996872495;6.76;24.74;165.00;396.00;8786.96;5.07;11.00;348.00;20.00;341.00;15.72;1007.29;68.19;1017.35;10.14;39.11;196.50
01/04/2020 14:36;40.759352516074;-73.962166890457;7.20;19.15;222.97;397.00;8809.27;7.14;16.00;273.00;8.00;252.00;16.68;1005.83;78.04;995.14;9.44;39.09;194.14
01/04/2020 14:37;40.70590688061;-74.00860938335;13.38;20.99;176.96;398.00;8831.59;5.32;11.00;269.00;13.00;257.00;16.93;1011.71;50.52;902.58;9.32;38.07;215.09
01/04/2020 14:38;40.661433428029;-73.993342736258;5.46;19.31;221.26;399.00;8853.90;6.83;8.00;324.00;6.00;304.00;16.78;1018.61;73.59;1098.18;10.95;32.64;208.93
01/04/2020 14:39;40.71449557254;-73.998127839155;7.89;16.24;207.43;400.00;8876.22;6.67;14.00;342.00;7.00;311.00;16.68;1012.67;47.92;924.20;9.81;34.91;215.37
01/04/2020 14:40;40.605089405291;-73.754681886608;8.47;21.38;164.67;401.00;8898.53;7.25;19.00;283.00;19.00;348.00;15.39;1012.93;63.54;954.07;10.90;39.37;208.06
01/04/2020 14:41;40.715123185225;-74.014797064384;7.79;24.73;158.49;402.00;8920.84;7.92;15.00;343.00;19.00;292.00;15.53;1010.96;44.42;990.87;10.13;34.67;188.68
01/04/2020 14:42;40.727952205546;-73.985034109025;5.20;16.65;136.97;403.00;8943.16;6.38;14.00;285.00;7.00;299.00;16.08;1005.63;68.94;937.18;9.17;35.25;198.45
01/04/2020 14:43;40.66856373375;-73.942262672505;9.81;16.27;184.09;404.00;8965.47;9.82;16.00;265.00;13.00;309.00;16.33;1010.70;60.21;901.99;8.93;38.74;217.71
01/04/2020 14:44;40.682730681361;-73.976510027657;10.57;16.35;164.98;405.00;8987.79;9.26;16.00;290.00;8.00;342.00;15.24;1011.59;71.52;1082.28;8.84;30.96;196.93
01/04/2020 14:45;40.711533823659;-74.006027439758;7.45;17.28;195.90;406.00;9010.10;5.67;14.00;309.00;19.00;276.00;16.95;1007.89;63.04;989.82;10.64;30.81;187.98
01/04/2020 14:46;40.633334862504;-74.027010509852;5.02;19.92;133.05;407.00;9032.41;6.86;8.00;317.00;7.00;286.00;16.39;1017.65;64.01;929.03;10.52;36.58;203.58
01/04/2020 14:47;40.760840420228;-73.916065709542;13.72;15.69;199.16;408.00;9054.73;5.29;11.00;345.00;19.00;292.00;15.66;1005.02;64.15;922.47;11.12;32.90;199.45
01/04/2020 14:48;40.637081568302;-74.009108498938;5.04;21.95;131.50;409.00;9077.04;9.83;9.00;278.00;14.00;323.00;16.30;1014.78;50.45;986.52;11.99;32.56;218.45
01/04/2020 14:49;40.759423656483;-73.961495447702;7.46;19.66;217.69;410.00;9099.36;9.27;15.00;268.00;10.00;301.00;15.81;1015.77;79.19;977.84;8.54;33.51;196.36
01/04/2020 14:50;40.757523134177;-73.977945432553;12.80;17.35;170.86;411.00;9121.67;9.48;11.00;307.00;20.00;293.00;16.29;1019.45;60.97;932.85;10.67;31.95;201.45
01/04/2020 14:51;40.770581776434;-73.843031466434;14.93;22.87;186.91;412.00;9143.98;8.08;10.00;350.00;5.00;343.00;16.59;1010.67;43.93;1061.17;9.41;32.61;217.31
01/04/2020 14:52;40.680391802779;-73.949848960024;11.69;20.24;190.78;413.00;9166.30;8.13;15.00;349.00;6.00;267.00;16.07;1005.56;40.69;1030.99;10.43;37.81;196.90
01/04/2020 14:53;40.734762671218;-73.992086893382;12.42;16.47;192.26;414.00;9188.61;9.17;12.00;344.00;14.00;313.00;16.46;1009.57;55.51;1097.18;11.56;38.56;200.43
01/04/2020 14:54;40.672917939587;-73.950222310565;9.93;24.19;183.32;415.00;9210.93;7.74;13.00;295.00;13.00;253.00;16.10;1018.34;67.78;914.60;11.93;30.06;216.36
01/04/2020 14:55;40.675238321002;-73.981271428422;8.73;19.94;189.22;416.00;9233.24;9.46;19.00;289.00;10.00;254.00;16.95;1013.87;71.50;968.86;11.23;32.93;217.85
01/04/2020 14:56;40.813877999164;-73.885178993205;10.46;19.98;215.28;417.00;9255.55;5.84;7.00;311.00;18.00;270.00;15.22;1008.97;45.60;1001.31;11.58;33.45;217.09
01/04/2020 14:57;40.666984538886;-73.930653409317;9.02;16.85;215.14;418.00;9277.87;6.13;17.00;287.00;16.00;293.00;15.47;1016.63;60.29;1005.85;8.74;39.62;197.74
01/04/2020 14:58;40.770914609314;-73.950787805897;8.72;17.84;132.87;419.00;9300.18;9.06;19.00;324.00;7.00;336.00;16.76;1016.02;43.07;912.70;10.82;32.71;188.54
01/04/2020 14:59;40.757750384856;-73.862578944185;9.00;21.38;138.25;420.00;9322.50;7.76;16.00;304.00;20.00;258.00;16.63;1005.41;67.48;903.38;11.38;36.21;185.47
01/04/2020 15:00;40.82567890691;-73.918816433455;9.85;24.28;136.37;421.00;9344.81;6.77;12.00;259.00;11.00;349.00;16.51;1018.18;49.18;906.09;8.54;36.63;184.16
01/04/2020 15:01;40.687547577497;-73.956961373756;6.26;22.69;195.67;422.00;9367.12;7.45;17.00;321.00;14.00;312.00;15.86;1012.13;76.05;966.10;11.44;31.91;213.41
01/04/2020 15:02;40.675105391409;-73.956644974267;12.93;15.09;187.85;423.00;9389.44;7.44;10.00;285.00;16.00;345.00;15.08;1008.49;77.06;1006.99;9.39;38.42;217.72
01/04/2020 15:03;40.587455407268;-73.954509479058;11.54;23.54;130.47;424.00;9411.75;5.66;10.00;268.00;20.00;251.00;16.28;1016.43;54.84;1051.37;11.78;34.17;185.06
01/04/2020 15:04;40.729547887394;-74.000876759621;12.86;23.55;217.19;425.00;9434.07;9.30;8.00;312.00;18.00;256.00;16.34;1019.12;66.22;1022.36;9.62;39.87;205.17
01/04/2020 15:05;40.808770800526;-73.922084663444;9.38;16.36;194.63;426.00;9456.38;6.96;14.00;330.00;16.00;350.00;15.56;1008.50;65.48;980.14;10.12;35.80;202.57
01/04/2020 15:06;40.707978439277;-73.830970100475;12.18;22.12;201.28;427.00;9478.69;7.00;13.00;319.00;13.00;323.00;15.36;1013.20;54.41;974.84;11.96;30.88;214.47
01/04/2020 15:07;40.76449417985;-73.831613090812;9.67;15.35;194.57;428.00;9501.01;8.43;5.00;345.00;12.00;318.00;16.82;1005.33;56.30;967.14;8.86;31.17;201.14
01/04/2020 15:08;40.628388262991;-74.029054762503;11.51;18.97;204.66;429.00;9523.32;5.29;10.00;325.00;6.00;272.00;16.85;1005.30;76.68;1007.78;10.57;36.95;197.36
01/04/2020 15:09;40.782528748221;-73.953379070553;5.42;24.64;150.20;430.00;9545.64;7.64;17.00;267.00;20.00;275.00;16.88;1012.92;71.25;1080.68;11.16;38.17;219.33
01/04/2020 15:10;40.747267768978;-73.887441613737;13.34;19.73;164.44;431.00;9567.95;8.51;7.00;344.00;9.00;285.00;16.47;1007.15;62.48;1051.35;8.98;39.95;203.53
01/04/2020 15:11;40.686598616644;-73.823192841255;9.25;23.16;203.61;432.00;9590.26;9.03;7.00;296.00;12.00;309.00;16.37;1013.43;53.59;1059.02;9.73;39.38;186.71
01/04/2020 15:12;40.72781498039;-73.985135163126;14.06;21.79;205.09;433.00;9612.58;9.40;8.00;304.00;8.00;263.00;15.23;1010.89;69.62;960.41;9.04;32.07;180.19
01/04/2020 15:13;40.726568807391;-73.984760220316;11.67;17.07;191.44;434.00;9634.89;8.29;18.00;253.00;5.00;301.00;16.95;1010.97;56.10;925.82;8.14;39.89;187.82
01/04/2020 15:14;40.685782111462;-73.97305830594;14.11;19.74;150.71;435.00;9657.21;9.62;6.00;317.00;20.00;284.00;16.60;1019.16;58.05;926.45;10.23;31.35;188.65
01/04/2020 15:15;40.783130241705;-73.947908013696;6.04;24.34;175.66;436.00;9679.52;6.37;17.00;282.00;12.00;346.00;16.08;1018.69;75.17;939.00;10.76;36.66;215.05
01/04/2020 15:16;40.579795320991;-74.109452699513;7.94;18.56;190.31;437.00;9701.83;6.92;10.00;304.00;15.00;339.00;16.24;1007.07;70.17;966.89;10.09;34.17;205.20
01/04/2020 15:17;40.746671596494;-73.985834693575;5.88;23.48;155.71;438.00;9724.15;8.16;9.00;256.00;10.00;272.00;16.35;1012.43;53.05;1043.62;11.38;38.96;214.11
01/04/2020 15:18;40.720350072924;-73.995086497252;8.17;22.48;174.70;439.00;9746.46;6.66;18.00;252.00;11.00;306.00;16.10;1015.07;59.30;1037.47;8.82;37.33;191.97
01/04/2020 15:19;40.660421901107;-73.840195574328;14.09;15.41;183.09;440.00;9768.78;8.30;18.00;269.00;6.00;335.00;16.07;1012.47;63.63;1010.69;9.95;35.62;186.52
01/04/2020 15:20;40.832644305218;-73.917756321238;13.78;15.48;156.93;441.00;9791.09;6.63;19.00;273.00;20.00;318.00;15.79;1014.66;52.11;978.30;9.44;30.49;181.13
01/04/2020 15:21;40.675231516961;-73.843281985928;13.49;24.76;225.63;442.00;9813.40;6.39;17.00;349.00;16.00;278.00;15.21;1019.74;77.35;1068.92;11.27;35.77;180.41
01/04/2020 15:22;40.62189339976;-74.031710364692;11.17;19.23;135.34;443.00;9835.72;6.46;13.00;348.00;20.00;320.00;16.96;1008.74;47.87;1050.24;8.12;37.04;188.82
01/04/2020 15:23;40.751580117656;-73.826127287585;12.21;22.15;198.64;444.00;9858.03;5.09;9.00;306.00;17.00;345.00;15.18;1010.83;47.92;1081.22;10.63;34.59;203.64
01/04/2020 15:24;40.694886823634;-73.994698913437;13.65;15.36;167.47;445.00;9880.35;9.94;12.00;279.00;14.00;271.00;15.59;1018.96;64.80;1039.71;10.31;35.57;180.29
01/04/2020 15:25;40.831704608741;-73.86690651118;13.60;17.07;168.39;446.00;9902.66;9.35;6.00;270.00;18.00;298.00;16.38;1015.02;74.82;1041.69;9.14;35.90;184.13
01/04/2020 15:26;40.719682713574;-73.989440765047;13.56;18.41;161.77;447.00;9924.97;6.94;18.00;310.00;17.00;301.00;16.05;1005.86;55.69;1092.39;10.99;30.34;215.51
01/04/2020 15:27;40.753796360185;-73.914703053345;12.44;17.16;146.42;448.00;9947.29;5.05;9.00;280.00;20.00;315.00;16.58;1017.54;66.02;1087.00;9.69;34.46;216.19
01/04/2020 15:28;40.897500681836;-73.855032756867;6.82;24.06;152.56;449.00;9969.60;5.38;20.00;330.00;8.00;281.00;15.71;1014.06;49.58;1081.55;10.33;32.43;219.25
01/04/2020 15:29;40.792329817768;-73.940544201532;14.87;17.92;139.77;450.00;9991.92;9.21;10.00;278.00;17.00;266.00;15.40;1011.80;44.89;1097.67;9.78;34.60;219.92
01/04/2020 15:30;40.866836009551;-73.897900690889;12.62;16.91;206.84;451.00;10014.23;6.27;8.00;311.00;12.00;284.00;16.90;1016.85;66.14;975.96;10.52;35.31;209.33
01/04/2020 15:31;40.856413417701;-73.891001303829;10.02;22.03;175.20;452.00;10036.54;8.24;16.00;297.00;5.00;253.00;16.78;1012.84;65.71;1096.59;10.50;37.29;214.05
01/04/2020 15:32;40.68499301115;-73.979848054296;13.46;23.66;229.85;453.00;10058.86;6.83;10.00;341.00;13.00;252.00;16.64;1012.71;43.46;1096.39;9.92;34.23;196.46
01/04/2020 15:33;40.750802304405;-73.970559592728;14.96;17.15;141.90;454.00;10081.17;5.67;5.00;326.00;5.00;304.00;16.50;1018.16;58.89;1073.20;8.86;34.75;199.51
01/04/2020 15:34;40.751867722884;-73.702815096973;12.43;21.86;152.97;455.00;10103.49;6.10;16.00;306.00;13.00;329.00;15.44;1006.89;58.59;905.17;9.23;30.49;180.72
01/04/2020 15:35;40.730464624216;-74.002042192588;5.28;17.70;164.08;456.00;10125.80;8.82;20.00;308.00;5.00;253.00;16.97;1016.93;43.21;939.15;9.75;34.95;199.59
01/04/2020 15:36;40.702239543651;-73.915905347074;14.41;16.64;179.81;457.00;10148.11;5.40;6.00;307.00;18.00;307.00;15.72;1009.22;53.90;1039.53;11.78;39.22;214.68
01/04/2020 15:37;40.749709982479;-73.898542866596;10.91;20.12;223.19;458.00;10170.43;8.36;15.00;300.00;15.00;274.00;15.35;1018.62;45.55;912.56;10.65;37.24;218.11
01/04/2020 15:38;40.880881500739;-73.908539922699;9.04;20.50;131.94;459.00;10192.74;8.89;17.00;289.00;16.00;335.00;16.13;1012.16;57.71;968.58;10.97;34.40;216.43
01/04/2020 15:39;40.769121635777;-73.912759103096;13.07;15.38;172.05;460.00;10215.06;9.87;6.00;275.00;15.00;286.00;15.49;1011.04;63.09;948.83;8.46;39.66;193.31
01/04/2020 15:40;40.675005039677;-73.981422908478;12.61;24.33;197.32;461.00;10237.37;5.34;5.00;314.00;9.00;339.00;16.30;1008.92;49.16;1058.33;10.06;32.13;184.50
01/04/2020 15:41;40.719427280389;-73.987734451402;9.47;21.27;160.60;462.00;10259.68;6.26;10.00;263.00;17.00;322.00;16.41;1005.45;59.53;930.21;8.26;33.46;189.25
01/04/2020 15:42;40.765045867947;-73.974795016342;7.76;22.58;201.15;463.00;10282.00;5.87;13.00;252.00;16.00;278.00;16.18;1017.75;61.45;974.86;11.49;34.82;207.08
01/04/2020 15:43;40.693544827188;-73.96476471319;8.36;15.59;141.81;464.00;10304.31;8.07;14.00;278.00;19.00;286.00;15.48;1010.73;54.95;956.06;11.72;38.57;183.42
01/04/2020 15:44;40.76623154896;-73.956321891183;8.03;16.58;159.62;465.00;10326.63;7.88;20.00;309.00;5.00;281.00;16.24;1008.66;74.80;1058.22;11.91;39.50;203.31
01/04/2020 15:45;40.612945692503;-73.982387502381;5.86;20.92;179.66;466.00;10348.94;8.83;11.00;302.00;8.00;274.00;15.51;1007.24;67.72;916.59;8.31;34.02;181.73
01/04/2020 15:46;40.655021472075;-73.973387929973;13.09;20.28;144.27;467.00;10371.25;9.43;8.00;321.00;14.00;252.00;16.37;1017.52;69.80;930.54;10.61;30.47;193.90
01/04/2020 15:47;40.755642223747;-73.994647136483;13.86;15.36;138.15;468.00;10393.57;7.97;17.00;307.00;6.00;256.00;16.81;1013.62;75.04;1048.46;11.59;39.75;216.31
01/04/2020 15:48;40.654974365702;-73.838849957521;13.94;18.28;156.66;469.00;10415.88;8.68;15.00;273.00;17.00;291.00;16.48;1006.74;63.06;1080.24;10.75;34.84;191.42
01/04/2020 15:49;40.842726572701;-73.838371701397;6.23;23.29;164.10;470.00;10438.20;7.81;13.00;331.00;16.00;281.00;16.42;1006.13;69.22;992.74;11.31;38.94;211.05
01/04/2020 15:50;40.837357362141;-73.846002980439;7.80;17.86;168.07;471.00;10460.51;5.80;20.00;341.00;16.00;259.00;16.31;1013.23;69.68;1070.06;9.17;38.63;196.59
01/04/2020 15:51;40.615643653446;-74.031242741301;11.20;20.50;182.09;472.00;10482.82;7.91;12.00;327.00;16.00;322.00;15.18;1018.11;65.55;996.65;9.82;37.44;192.49
01/04/2020 15:52;40.751610053914;-73.973818399777;9.91;20.79;138.68;473.00;10505.14;8.69;5.00;317.00;19.00;315.00;15.83;1010.78;75.02;931.06;8.97;32.09;196.14
01/04/2020 15:53;40.858403063289;-73.885072906783;13.22;21.93;139.89;474.00;10527.45;5.79;6.00;327.00;10.00;256.00;15.62;1010.72;74.55;1050.24;11.56;36.78;192.03
01/04/2020 15:54;40.727776627925;-73.98571966254;5.06;22.05;132.53;475.00;10549.77;9.20;5.00;333.00;11.00;336.00;16.69;1008.13;47.39;1080.92;10.46;39.52;203.27
01/04/2020 15:55;40.750458082592;-73.977742056099;6.45;22.53;134.11;476.00;10572.08;5.39;5.00;314.00;9.00;272.00;15.81;1015.57;43.56;1069.27;11.10;39.29;196.55
01/04/2020 15:56;40.694762253667;-73.751108706095;8.09;18.77;195.06;477.00;10594.39;5.22;10.00;283.00;9.00;315.00;15.63;1007.48;63.60;1063.77;11.33;33.93;182.38
01/04/2020 15:57;40.727118221374;-73.988750467279;6.26;18.01;227.32;478.00;10616.71;8.89;17.00;308.00;7.00;257.00;16.11;1014.94;48.95;1003.74;9.22;31.66;217.82
01/04/2020 15:58;40.633261993676;-74.02110542781;10.39;17.83;170.71;479.00;10639.02;6.26;7.00;263.00;8.00;277.00;16.27;1015.29;76.74;1050.20;8.47;30.11;201.65
01/04/2020 15:59;40.734545481107;-73.988009499636;14.25;15.81;135.20;480.00;10661.34;7.49;20.00;341.00;6.00;315.00;16.59;1011.13;47.99;934.35;11.41;38.15;215.00
01/04/2020 16:00;40.597018548686;-73.972726970136;10.61;17.52;217.26;481.00;10683.65;9.28;13.00;338.00;9.00;280.00;16.37;1012.43;41.60;1020.55;8.83;39.93;194.04
01/04/2020 16:01;40.645787653306;-73.912178662482;13.66;19.75;223.21;482.00;10705.96;6.60;18.00;292.00;13.00;265.00;16.39;1008.09;64.38;924.05;9.22;35.28;201.19
01/04/2020 16:02;40.869151521375;-73.917071021305;13.59;18.53;201.86;483.00;10728.28;9.24;16.00;334.00;19.00;294.00;15.48;1012.78;73.38;976.20;8.76;37.41;216.47
01/04/2020 16:03;40.745209013747;-73.937601841948;9.96;16.76;157.80;484.00;10750.59;7.29;15.00;310.00;6.00;250.00;16.45;1014.23;55.34;1063.52;11.81;37.14;204.07
01/04/2020 16:04;40.537366466302;-74.150396186569;6.19;20.20;157.95;485.00;10772.91;6.97;12.00;346.00;5.00;330.00;15.91;1010.67;51.87;997.05;11.12;34.51;184.35
01/04/2020 16:05;40.745596679175;-73.906286720173;10.10;21.00;130.61;486.00;10795.22;9.54;19.00;280.00;5.00;254.00;16.71;1019.60;46.93;917.69;8.61;35.32;193.40
01/04/2020 16:06;40.742155178579;-73.977744840606;6.77;20.52;194.82;487.00;10817.53;8.34;18.00;331.00;5.00;288.00;16.89;1010.04;72.21;1010.04;9.47;35.36;202.02
01/04/2020 16:07;40.767187756401;-73.922017975607;10.01;22.48;223.49;488.00;10839.85;8.45;7.00;300.00;5.00;340.00;15.09;1011.14;72.54;956.40;11.40;34.99;213.22
01/04/2020 16:08;40.698979333198;-73.916699278041;8.66;17.95;139.65;489.00;10862.16;7.38;6.00;308.00;20.00;288.00;15.26;1019.64;55.17;994.66;10.12;33.66;213.64
01/04/2020 16:09;40.709958257246;-74.007217606691;8.19;15.10;140.67;490.00;10884.48;5.01;11.00;322.00;17.00;336.00;15.87;1015.51;61.76;990.61;9.19;37.64;201.65
01/04/2020 16:10;40.905434879643;-73.900843816155;13.79;15.43;190.00;491.00;10906.79;5.56;14.00;291.00;18.00;267.00;15.13;1008.04;70.21;986.69;10.73;36.50;209.76
01/04/2020 16:11;40.731394216196;-73.985617855678;14.87;19.41;211.65;492.00;10929.10;7.58;8.00;253.00;12.00;338.00;15.69;1014.94;45.68;937.63;9.32;37.17;216.66
01/04/2020 16:12;40.761342818565;-73.990488194721;8.49;24.58;134.26;493.00;10951.42;6.22;6.00;339.00;8.00;288.00;15.16;1018.46;64.59;971.98;9.26;38.50;189.50
01/04/2020 16:13;40.758498760516;-73.919364273126;9.55;20.40;174.75;494.00;10973.73;7.59;8.00;332.00;8.00;314.00;15.66;1009.95;77.98;904.99;11.12;35.31;192.62
01/04/2020 16:14;40.607847460834;-73.957175018165;10.94;19.88;135.08;495.00;10996.05;6.39;13.00;340.00;10.00;259.00;16.30;1013.00;44.61;930.38;11.28;37.94;184.10
01/04/2020 16:15;40.763241787281;-73.986466497649;6.64;17.66;190.45;496.00;11018.36;5.37;7.00;278.00;16.00;326.00;16.49;1017.13;55.53;957.21;10.70;35.17;205.36
01/04/2020 16:16;40.748465059624;-73.976118632744;13.20;24.81;225.81;497.00;11040.67;9.33;5.00;280.00;15.00;265.00;15.76;1013.82;49.02;1080.81;8.21;39.22;214.32
01/04/2020 16:17;40.769571296033;-73.954716745146;10.16;24.59;161.36;498.00;11062.99;6.52;19.00;274.00;11.00;338.00;16.85;1014.11;78.94;1026.04;11.06;34.94;219.94